Date,Open-Stock-1,High-Stock-1,Low-Stock-1,Close-Stock-1,VWAP-Stock-1,Volume-Stock-1,Turnover-Stock-1,Open-Stock-2,High-Stock-2,Low-Stock-2,Close-Stock-2,VWAP-Stock-2,Volume-Stock-2,Turnover-Stock-2,Open-Stock-3,High-Stock-3,Low-Stock-3,Close-Stock-3,VWAP-Stock-3,Volume-Stock-3,Turnover-Stock-3,Open-Stock-4,High-Stock-4,Low-Stock-4,Close-Stock-4,VWAP-Stock-4,Volume-Stock-4,Turnover-Stock-4,Open-Stock-5,High-Stock-5,Low-Stock-5,Close-Stock-5,VWAP-Stock-5,Volume-Stock-5,Turnover-Stock-5
2010-06-01,1889.7,1890,1838,1855.1,1855.75,568273,105457457545000,285.4,285.95,281.5,283,283.72,3191773,90557243170000,2095,2097.8,2045,2077.25,2088.95,70547,14736933230000,851.65,864.8,833.1,837.95,844.44,3878011,327474904340000,1235,1238,1177,1181.7,1197.29,1786082,213845404410000
2010-06-02,1848,1862.75,1828,1853.05,1842.82,945167,174177161135000,284,284.8,279.25,281.3,281.05,2704797,76017076445000,2061.45,2098,2023,2079.85,2059.52,55547,11440017990000,844.7,849.9,823,842.3,838.31,3320996,278403743240000,1195,1206.95,1168.5,1201.15,1189.87,1307410,155564994855000
2010-06-03,1864.1,1910,1864.1,1905.6,1893.91,679689,128727119355000,283,286.85,282.5,285.5,285.34,2489752,71043460510000,2131.5,2131.5,2091.05,2114.9,2107.84,55130,11620529360000,851.4,859.05,848.2,854.1,853.51,2494522,212910342645000,1211,1248,1211,1242.3,1231.63,1482919,182640434320000
2010-06-04,1906,1909.8,1880.1,1885.7,1889.21,509435,96242800140000,288.85,291.8,277,290.85,289.81,3188813,92414802585000,2114.9,2156,2095.5,2146.75,2145.36,29302,6286330280000,854.1,868.6,854.1,865.85,862.85,2963920,255740999120000,1240,1258,1240,1245.45,1249.72,1454459,181767075850000
2010-06-07,1867,1894.85,1808.35,1876.65,1873.32,961913,180196832650000,285,289.1,285,287.7,287.01,2198836,63109395135000,2132.35,2209,2112,2185.25,2180.52,78919,17208425860000,712,850,712,841.95,839.89,3471483,291567400640000,1218.6,1225,1196,1214.8,1209.27,1424594,172272511430000
2010-06-08,1880,1897,1853,1862.7,1877.11,567114,106453552215000,290.7,292.6,286.55,289.7,290,3059245,88718094960000,2189,2244,2189,2238,2223.1,47997,10670210390000,839,844.7,813.1,817.5,830.83,4655052,386754585140000,1214.4,1242.6,1214.4,1226.2,1229.32,1681502,206710420440000
2010-06-09,1860,1895.6,1851.55,1880.9,1881.31,579234,108971643720000,287.4,287.4,276.1,277.6,279.1,3964029,110635812935000,2238,2294,2227,2283.7,2264.34,89974,20373174100000,817,839.9,817,824.55,827.8,3618518,299540454045000,1224.9,1253.9,1224.9,1239.65,1242.25,1562542,194106246315000
2010-06-10,1880.9,1921.95,1863,1916.15,1899.89,851047,161689838800000,279,281.75,275.2,280.05,279.57,3522663,98482042840000,2298,2327,2265,2311.55,2290.22,32461,7434294295000,822.8,834.2,814,829.05,823.48,3597611,296256701235000,1239.65,1250,1220.25,1248,1233.89,1363598,168252891220000
2010-06-11,1921.1,1950,1921.1,1946.3,1944.46,1081538,210300533720000,289,289,280.65,281.55,282.08,2820966,79574569940000,2311,2321,2276,2291.7,2289.11,33989,7780463100000,845,850,831.8,846,840.28,3795477,318925246455000,1252,1260.15,1238.25,1245.8,1246.02,1405607,175140856865000
2010-06-14,1946.3,1975,1946.3,1973.15,1969.1,748898,147465562305000,282.7,286.8,281.6,286.1,283.81,2806420,79648653375000,2311,2314.75,2280.05,2296.25,2294.65,87431,20062342475000,855,859,843.4,853.65,852.84,2758649,235267478580000,1251,1262,1240.25,1256.5,1252.01,613978,76870632035000
2010-06-15,1975,1980,1953,1963.9,1965.65,456078,89648977220000,286,292.7,285.1,291.7,290.25,3126009,90733530925000,2292,2319,2285,2294.7,2302.86,15584,3588769830000,853.65,864.85,839.3,860.1,849.35,2635443,223840722895000,1244.1,1256.5,1230.2,1245.25,1242.14,661876,82214510390000
2010-06-16,1975,1990,1968.05,1976.05,1980.25,908429,179891505275000,294.7,294.7,288.15,290.9,291.24,3940914,114776960990000,2306,2338,2294,2317.65,2311.56,23142,5349416390000,869,879.9,860.05,876.75,868.81,3761689,326820642040000,1250,1250,1215.1,1220.6,1224.76,1357457,166256246055000
2010-06-17,1983,1999,1968.05,1996.1,1986.55,798860,158697885420000,291,296.9,289.15,293.9,292.37,4442412,129884881080000,2335,2398,2305,2368.35,2372.43,75269,17857054615000,878,891.9,846,883.85,874.03,11674290,1020370723150000,1220,1223,1191.95,1215,1207.35,2225281,268668886855000
2010-06-18,1992,1997.95,1978.35,1991.7,1990.51,490140,97563063475000,295,299.3,292.7,294.9,295.41,5196746,153516851745000,2368,2398,2342,2383.75,2372.04,32649,7744481850000,876.1,885,864.05,869.3,871.75,3185066,277659615915000,1215,1227.75,1202.3,1211.5,1215.17,2554189,310378146300000
2010-06-21,2001.6,2010,1990.1,1998.85,2001.46,710165,142137006880000,296.7,300,292,299.1,298.22,4631354,138115818775000,2389,2457,2380,2429.65,2426.33,48717,11820341525000,878.9,910,875.6,899.8,899.26,5197811,467418444530000,1220,1252.1,1220,1247.3,1243.16,1405672,174747907925000
2010-06-22,1995,2000,1982.45,1987.05,1991.07,426244,84868340620000,298,303.75,297.25,301.8,301.73,3127754,94372394095000,2405.05,2442,2360.25,2370.7,2384.93,65367,15589541920000,897,905.8,888.4,891.6,896.11,3296032,295360649120000,1240.1,1257.9,1231.25,1235.65,1245.03,969098,120656014935000
2010-06-23,1984.7,2003.7,1975.5,1998.75,1996.59,424404,84735941675000,300,304.2,299.25,302.85,301.74,3094124,93360822135000,2372,2423.5,2360,2408.75,2401.69,77748,18672695095000,886.1,904.7,881.55,900.4,896.96,3219018,288732538355000,1225.3,1256.5,1225.3,1249.4,1244.68,1076305,133965465865000
2010-06-24,1997.05,2007,1980,2001.6,1999.2,882655,176460570345000,303,307.9,300.1,305.75,305.17,6904721,210712965775000,2415,2468.8,2414.5,2459.95,2445.74,43884,10732896730000,898.2,902,878.15,885.7,890.61,3487698,310617340115000,1240.3,1268.5,1240.3,1263.2,1259.27,1841464,231890378255000
2010-06-25,1980.15,1992,1940,1947.65,1958.81,723516,141723351230000,305.65,307.9,300.2,301.45,304.41,2633022,80152306675000,2439,2454.9,2383.9,2399.45,2406.55,218037,52471658600000,880,881.95,851.55,856.55,868.43,3670962,318798414465000,1261,1277.65,1237.4,1249.1,1258.37,1307561,164539473025000
2010-06-28,1952.1,1964,1923.25,1950.7,1941.34,532908,103455771535000,301,303.5,297,297.65,299.08,2150891,64327776965000,2402,2402,2357,2366.05,2370.61,45873,10874703865000,852,871.95,852,870.15,863.28,2536694,218987062420000,1251,1266.3,1242,1261.95,1254.32,796613,99920392540000
2010-06-29,1940.1,1948.8,1896.1,1904.4,1911.24,795116,151965891910000,298.6,299,294.05,296.35,296.54,1679467,49802764160000,2366.05,2400,2342,2360.55,2381.69,68628,16345046020000,870.15,870.15,841.65,848.3,852.58,3303161,281622348430000,1255.1,1259.1,1234,1240.65,1246.8,1079879,134639080405000
2010-06-30,1895,1938.9,1879,1919,1903.4,876756,166881714030000,293,306.2,293,305.45,302.6,4617332,139719546835000,2370,2388,2295.05,2301.8,2308.7,72380,16710400325000,836.1,864.35,834.25,861.7,852.96,4010160,342050745485000,1225,1245.95,1222.1,1242.4,1236.29,1430782,176886458990000
2010-07-01,1912,1929.7,1895,1907.4,1903.53,578363,110092964475000,304.8,304.8,300.25,303,302.33,1704951,51545734345000,2329.95,2338,2275.3,2329.75,2313.45,46511,10760107125000,854.45,857,836.55,841.45,842.08,3342467,281460912720000,1242,1242,1215.05,1233.65,1227.01,1167934,143307212325000
2010-07-02,1907.4,1923.35,1899.95,1912.85,1914.49,411250,78733207395000,305,305.95,301.8,302.55,303.35,1395862,42343852715000,2339.95,2357.8,2312,2320.8,2341.9,29444,6895488790000,842.5,847.75,833.2,840.05,840.02,3261874,274002800325000,1235,1248,1232.1,1237.2,1241.23,485624,60277306390000
2010-07-05,1901,1929,1898,1915.2,1914.7,258027,49404311390000,302.4,304.5,300,302.15,302.44,1433119,43343003645000,2330,2349.7,2317,2329.55,2338.08,10412,2434412745000,838,845.7,834,840.6,841.55,1459645,122836036080000,1236.1,1245,1225.45,1235.95,1238.15,419595,51952094670000
2010-07-06,1915,1969.75,1910,1964,1948.07,624803,121715911360000,302.2,303.3,301.1,302.9,302.35,1512395,45727990030000,2330,2352,2325.55,2345.2,2344.55,19320,4529663315000,839.5,861.7,838.45,858.8,852.13,2319110,197618939565000,1240,1258.9,1236,1253.3,1252.19,877356,109861259250000
2010-07-07,1968.85,1969,1931.05,1937.3,1945.84,396672,77186020635000,303.1,303.45,300,302,301.72,2013487,60751607625000,2345.2,2364,2321.2,2336.75,2344.45,37979,8903998435000,857,858.1,844.25,846.2,847.78,2084301,176703718085000,1262,1262,1229.6,1237.05,1242.04,864282,107347060775000
2010-07-08,1960,1969.85,1942.25,1945.7,1954.83,336292,65739469015000,304,305.35,301.9,303.15,303.95,1864509,56672339955000,2345.25,2360,2333,2350.4,2349.59,78569,18460468405000,858,865.8,855.05,862.3,862.12,1672806,144215272595000,1260,1260.35,1238.8,1241.55,1249,918276,114692988375000
2010-07-09,1955,2011.95,1950.1,2002.75,1985.04,1570118,311674559045000,303.15,304.8,299.25,300.35,301.97,1989710,60082582150000,2360,2398,2340,2384.25,2360.5,190851,45050299470000,866.5,879,866,875.9,872.4,3217777,280718914765000,1249.55,1277.85,1248.95,1273.1,1267.28,1096803,138995687635000
2010-07-12,2009,2056,2007,2049.45,2041.73,1486928,303591263885000,302,302,299.3,299.95,300.41,2325594,69863240705000,2379,2420,2345,2359.5,2396.64,251179,60198583735000,884.9,895,876.05,893.45,887.8,4040383,358703821795000,1277.25,1294.8,1265.55,1288.3,1282.1,862435,110572513450000
2010-07-13,2052,2080,2037.4,2072.55,2062.24,625731,129040855695000,299.95,301.4,295.3,299.1,297.52,4677628,139168435215000,2372,2405,2360,2369.7,2370.81,194656,46149329055000,860.25,901,860.25,899.45,894.1,2526351,225880737775000,1288.5,1303.9,1273.15,1299.7,1293.28,760940,98411207545000
2010-07-14,2080,2110.9,2073.25,2086.3,2102.47,1055803,221979181790000,300.15,302.15,297.65,298.5,299.62,4636889,138929682420000,2375.55,2425,2302.7,2415,2408.05,79564,19159369630000,903,914.45,886.15,891.25,899.5,2597757,233668097480000,1308,1325.95,1304.1,1314.45,1316.13,1695095,223095777970000
2010-07-15,2090,2090,2055,2062.6,2067.59,323873,66963695125000,298.5,301,298.25,300.1,299.97,3056905,91698905815000,2418,2457.8,2407.85,2440.15,2436.77,134568,32791065480000,889.05,900.85,878.3,881.85,888.13,2812591,249794419970000,1350,1355.5,1315.6,1350.3,1335.4,3188853,425839728125000
2010-07-16,2064,2066,2031.2,2038.95,2042.2,471388,96266819090000,300.5,300.55,296.6,298.35,298.75,3855349,115179191860000,2448.5,2560,2441.5,2474,2461.84,141736,34893065205000,886,905,886,902.4,898.29,3003602,269809539410000,1360,1368.9,1337.4,1357.15,1356.04,2303112,312310372665000
2010-07-19,2042,2064,2022,2047.85,2050.21,876558,179713114750000,297.4,299.95,290,291.35,294.49,3262949,96091747065000,2485.15,2485.15,2430,2474.05,2466.07,11533,2844117975000,895.1,904.35,887,900.05,898.11,3125514,280705360700000,1355,1367,1343.35,1360.8,1358.01,1461949,198534457430000
2010-07-20,2047.85,2088.7,2036,2044.4,2051.67,668459,137145807515000,292,293.4,290.1,291.45,291.87,1433917,41851789395000,2475,2484.1,2450,2478.7,2470.29,19545,4828183970000,900.05,906.1,883,886.85,896.92,1455851,130578100515000,1365.25,1389,1358.5,1368.95,1375.2,1610253,221442450005000
2010-07-21,2050.1,2064.75,2025,2033.05,2037.92,464235,94607207630000,292.85,296,290.85,292.35,293.48,3854795,113131341300000,2475,2500,2459,2479.55,2480.06,636958,157969658725000,894,904.9,890.65,902.6,896.94,2933359,263105673315000,1371,1375,1336.8,1347.15,1348.71,1164255,157024445120000
2010-07-22,2030,2063,2025,2057.25,2045.05,557497,114010781590000,266.4,298.55,266.4,297.7,295.76,7264178,214846680300000,2478,2528.9,2445,2521.9,2498.38,26045,6507028510000,899,910,886.2,908.7,898.57,2820295,253423705910000,1340.25,1367.8,1335,1356.8,1355.98,1492124,202329692730000
2010-07-23,2069,2069,2025.9,2038.6,2036.98,692181,140995563180000,300,302.7,298.25,301.65,300.74,6549108,196956448715000,2521.9,2548,2510,2520.55,2532.61,46269,11718156255000,915,920.8,905.4,912.85,913.1,4775083,436014846115000,1365,1395,1365,1389.95,1383.37,2438091,337278205885000
2010-07-26,2045,2059.8,2034.15,2051.9,2044.34,303649,62076109060000,302,303.2,299.95,302.7,301.79,2263751,68317099015000,2517,2544,2516,2524.2,2528.27,144431,36515993000000,918.8,926.4,911.2,916.7,917.9,2054200,188555113060000,1390,1396.75,1375,1385.85,1383.6,1113190,154021035260000
2010-07-27,2053.2,2078,2045,2066.8,2064.76,664591,137222105895000,307,307,303,304.25,304.24,1788042,54398725475000,2535.15,2548,2420.25,2438.35,2450.51,59640,14614852555000,915.3,927.5,898.25,924.2,915.93,4152329,380323623930000,1387,1395.95,1368,1374.45,1380.29,1626816,224547591215000
2010-07-28,2072,2090,2059.95,2086.1,2081.53,657106,136778471535000,305.5,308.25,303.2,307.35,305.76,3382650,103428673765000,2460,2609,2460,2586.15,2546.67,128644,32761429540000,925,925.5,902.5,908.85,911.34,2064320,188128757505000,1384,1384,1341,1349.95,1355.27,1400048,189743794570000
2010-07-29,2090.9,2115,2083.25,2100.6,2096.82,1126574,236222129365000,307,311.9,306.05,310.1,308.82,3880640,119841451360000,2586.15,2704,2580,2613.8,2655.01,167534,44480365585000,902,932,900.3,928.7,919.69,5063707,465705193600000,1350,1375,1342.55,1365.6,1358.43,1509004,204988220680000
2010-07-30,2097.7,2137,2080,2126.9,2115.87,1169966,247550134805000,309.75,311.85,306,308.75,309.04,3696763,114242915760000,2621.95,2678.85,2575,2603.35,2626.48,51413,13503531355000,927,931.5,900,904.9,913.74,2386090,218026963100000,1360,1367,1337,1343.45,1352.33,932237,126069642840000
2010-08-02,2130,2144.9,2121.35,2136.35,2132.94,826334,176251871845000,309.1,313.45,309,312.8,311.83,5554310,173197745315000,2606,2639,2590.85,2623.35,2622.52,25180,6603505715000,912,941.9,911,939.55,933.09,6396138,596817082040000,1350.1,1361.7,1340.15,1350.75,1349.83,944754,127526054940000
2010-08-03,2140,2144,2111.75,2122.45,2132.35,811048,172944190155000,158.7,158.7,153.75,154.4,155.25,5645411,87643562295000,2623.1,2669.95,2592.1,2598.25,2604.52,20756,5405933660000,944.4,966,943,962,959.81,6550962,628765594730000,1350.75,1371.6,1345.3,1356,1362.16,990716,134951105780000
2010-08-04,2115,2129,2091.2,2114.8,2107.78,736735,155287822945000,154,157,151.55,155.3,153.65,5409603,83119948785000,2629.95,2629.95,2580.1,2591.95,2594.22,21357,5540474815000,963.05,973,957.05,969.25,965.17,4469083,431342526395000,1360,1363.35,1325.1,1331.4,1336.95,1180571,157836770890000
2010-08-05,2065,2127.4,2065,2100.25,2106.28,735528,154922638275000,155.7,157.2,154.35,155.8,155.91,3978747,62033053755000,2592,2662,2592,2600.8,2621.3,183846,48191622995000,973,973,952.65,955.4,958.93,3060642,293492813965000,1334.5,1344.05,1312.05,1316.6,1328.28,1346929,178910221450000
2010-08-06,2093.25,2110,2081.45,2090.7,2092.83,546044,114277863215000,156,160,155.8,158.75,158.51,3986597,63193014045000,2608,2638.9,2596,2607.15,2621.77,24631,6457679620000,955,963,942.55,949.8,956.76,3518166,336604845135000,1317.75,1330.8,1305.75,1314.3,1320.99,662095,87462197465000
2010-08-09,2090,2103.9,2071.35,2082,2082.83,261822,54533067015000,159,160.2,157.9,158.95,159.06,2664676,42385378510000,2648,2680,2613,2661.7,2653.2,62200,16502923010000,949,982,949,980.1,972.37,4733829,460303814675000,1314.3,1321.8,1294,1309.8,1306.78,1572650,205511222715000
2010-08-10,2085.45,2102.2,2069.75,2095.15,2086.4,734727,153293706455000,159.45,159.45,155.85,157.25,156.95,4740900,74408661000000,2670,2682.95,2630,2666.95,2663.47,35909,9564252515000,977.15,995,966.65,988.9,984.02,5842996,574962993685000,1310,1315,1288.5,1294.9,1302.82,1348168,175641369030000
2010-08-11,2101,2113.05,2077.95,2089.5,2098.54,733508,153929804525000,156,157,154.35,154.95,155.58,3262755,50763423595000,2666.95,2710,2660,2680.55,2689.29,27281,7336658365000,980.1,999,962.7,971.85,985.26,4386569,432193241070000,1294.9,1301.5,1276.65,1289.1,1286.8,1324664,170457330165000
2010-08-12,2076.9,2082.8,2048,2073.15,2066.68,496943,102702313120000,152.5,155.85,152.05,152.95,153.21,4857708,74424114630000,2674.95,2695,2627.6,2675.9,2655.35,28191,7485704195000,964,988,957,963.3,971.35,5083185,493755240850000,1280,1319.85,1274.85,1315.6,1303.5,1195305,155807712200000
2010-08-13,2061.55,2101.4,2058.25,2087.55,2083.7,524993,109392831275000,153,157,152.95,156.25,155.8,4813496,74992967455000,2680,2710,2645.2,2654.55,2675.97,20322,5438101375000,969.9,984.8,963.3,976.4,978.06,3419585,334455493130000,1320,1336,1320,1328.2,1329.16,906967,120550290260000
2010-08-16,2078.4,2126.9,2070.4,2084,2085.3,359334,74932005085000,157.6,159,156,158.25,157.51,2908717,45814301020000,2650,2684,2633,2641.05,2653.24,8816,2339094030000,977,981,953.1,957.1,967.06,3146781,304311354100000,1330.5,1346.7,1323.6,1336.6,1333.95,995518,132797410490000
2010-08-17,2108,2136,2081.1,2121.05,2115.19,1006591,212913526905000,159,160.3,156.75,159.55,159.39,5525480,88071239840000,2671,2678,2605,2631.1,2606.84,466828,121694512540000,957.5,969.8,952.5,958.9,960.87,3164971,304111034485000,1337,1343.55,1323.3,1330.75,1332.68,915432,121997417785000
2010-08-18,2130,2199,2130,2191.95,2174.53,1942217,422340162615000,161.5,163,159.05,162.5,161.46,8211065,132578937285000,2615,2685,2615,2651.1,2661.18,21454,5709305340000,962,977,951.1,967.9,961.51,3277100,315095841995000,1330.75,1359,1320,1353.25,1334.81,1261419,168375351225000
2010-08-19,2185,2239.5,2185,2230.15,2213.28,1038196,229782016745000,162.5,166.3,162.5,165.3,165.12,8309779,137209771690000,2651.1,2827.3,2651.1,2704.1,2750.03,131052,36039660095000,972.05,1015.9,972.05,1013,1000.16,5695033,569591638150000,1358,1366,1342,1363.55,1355.98,936843,127034343075000
2010-08-20,2211.55,2239.8,2205.2,2231.3,2218.87,419907,93172106330000,165.1,165.5,162.05,162.7,163.88,5938410,97318725390000,2749,2818.95,2702,2767.3,2776.35,105159,29195838310000,1005.55,1009.95,991.6,994,999.56,2514532,251343704085000,1358,1375,1352.55,1367,1366.05,924946,126352230840000
2010-08-23,2212.85,2228,2183,2196.6,2202.16,409743,90232116725000,162,162.7,159.1,159.5,160.11,3806268,60941293680000,2778,2818,2750.1,2758.35,2775.5,31905,8855231600000,993.5,1016.7,985,1011.5,1000.22,3905192,390605375570000,1367,1385.7,1360.4,1381.25,1374.08,730367,100358233565000
2010-08-24,2196.6,2220,2160.1,2208.65,2186.77,534014,116776581735000,159.55,161.3,158.6,159.85,159.98,3463036,55400600020000,2762,2809.9,2725,2769.2,2778.91,148025,41134820410000,1006,1024,998,1001.7,1007.24,3717305,374420391450000,1375,1385,1357.9,1372.15,1369.41,1083054,148314844105000
2010-08-25,2201,2215,2178.55,2192.25,2196.14,529561,116298937890000,159.9,161.25,159.85,160.5,160.56,4403129,70698518170000,2765,2822.9,2738,2750.3,2779.42,124738,34669936430000,993.25,1003.85,981.65,984.3,989.74,3838212,379882289095000,1364,1381,1357.9,1361.7,1368.84,1315601,180084512380000
2010-08-26,2178.6,2213.85,2166.5,2178.35,2189.19,1019405,223167114890000,161,165.15,161,163.9,163.39,10854028,177344854515000,2760,2785.5,2730,2742.9,2745.02,111755,30676915640000,985,995,976.1,983.55,984.23,4331942,426361682510000,1363,1375,1350,1367.8,1365.17,1437661,196265381225000
2010-08-27,2180,2189.95,2125.65,2139.15,2163.22,577524,124931369165000,164.1,165.35,160.35,161.2,162.93,3651956,59499656075000,2769.95,2770,2704,2727.1,2726.13,165216,45040099085000,990,990,953.25,957.45,973.72,2768834,269606234495000,1367,1383.25,1318.6,1326.95,1351.68,945253,127767668460000
2010-08-30,2160,2177.7,2116.6,2131.7,2129.93,343823,73231909855000,163,163.35,158.6,159.3,160.09,3051332,48848509690000,2759.5,2759.5,2685,2712.9,2706.11,32073,8679314105000,966.9,980.95,958.15,967.9,969.45,1792891,173811469570000,1332,1349,1312,1323.95,1331.45,695831,92646101920000
2010-08-31,2125,2140,2112.3,2134.25,2129.98,469508,100004410535000,160.3,164,158.5,163.15,161.53,8795298,142071851400000,2685.25,2792,2685.25,2762.65,2757.95,226538,62477937760000,962,981.5,960,977.7,970.25,3027524,293744621045000,1276.85,1340,1150,1330.65,1316.3,863702,113689467625000
2010-09-01,2135.55,2155,2120,2149.25,2142.55,480810,103015958030000,164.25,164.3,161.8,163.15,162.99,4826181,78663476325000,2793.1,2793.1,2728,2738.75,2748.45,51933,14273550230000,980.35,1002.7,980.35,995,994.16,4194424,416994172460000,1330.65,1359,1330.65,1354.1,1344.17,906996,121915277515000
2010-09-02,2159.8,2194.95,2159.8,2187.45,2184.46,579533,126596557415000,163.8,165.85,163.15,165.45,164.55,4908257,80767421440000,2769,2815,2746,2797.5,2792.78,99066,27666967320000,1003.2,1008.3,995.5,1003.9,1002.69,2477553,248420893265000,1359.1,1395.8,1359.1,1388.05,1381.85,1595855,220522952740000
2010-09-03,2194,2200,2168.25,2193.95,2186.85,405908,88765816385000,165.7,165.7,162.35,164,163.97,4061121,66589720390000,2810,2831,2782,2809.7,2810.78,226947,63789867300000,1004,1009.95,994.2,1001,1001.33,1910171,191271306285000,1400,1400,1365.5,1379.65,1378.24,702622,96838366180000
2010-09-06,2198,2219.7,2185.15,2204.3,2206.41,477322,105316758585000,164.85,167.3,163.8,165.8,165.95,7069493,117315863975000,2832,2864,2814.05,2849.7,2849.06,171333,48813723915000,1001,1048,1001,1039.45,1029.41,4765817,490598141495000,1384,1405.5,1383.2,1394.65,1395.72,1011487,141175561155000
2010-09-07,2216,2216,2182.55,2199.1,2193.99,420392,92233409715000,166,167.25,164.8,166.2,166.01,5696688,94571389765000,2864,2891.5,2835.25,2853.95,2887.19,436678,126077057575000,1040,1049.15,1033.15,1038.6,1040.47,3708098,385816648975000,1396,1406.4,1377,1397.5,1391.65,844266,117492186875000
2010-09-08,2188,2199.9,2171.3,2179.6,2183.9,498480,108863148925000,165.15,165.9,163.25,164.3,164.54,4014223,66049995170000,2853.35,2878,2830,2836,2854.47,31832,9086364440000,1030.05,1041.25,1023.8,1027.6,1030.42,2627842,270777405255000,1390,1392.7,1373.1,1381.25,1380.91,1031056,142379834355000
2010-09-09,2195,2250,2183.1,2244.85,2226.64,1301479,289793169990000,165.6,165.6,161.4,162.35,162.74,4935465,80318054810000,2855.9,2870,2800,2808.75,2820.95,40537,11435292575000,1035.05,1054,1032.1,1050.2,1044.8,3536765,369521307600000,1385,1391.9,1367.3,1379.4,1377.91,773143,106532201475000
2010-09-13,2250.1,2295,2248,2282.45,2273.05,729779,165882768580000,163.35,164.8,162.1,163.2,163.15,4359597,71125488060000,2834.4,2850,2788.85,2797.75,2801.95,43525,12195466700000,1059,1103.65,1055.1,1098,1091.28,4999269,545559686955000,1386,1432.85,1386,1426.2,1419.79,1289414,183069187755000
2010-09-14,2286,2350,2286,2334.2,2334.62,1634873,381681100085000,162.9,166.2,161.8,165.2,164.53,7518209,123695823135000,2900,2900,2788,2860.55,2852.74,421152,120143867735000,1102,1116.75,1092,1100.15,1102.22,3930290,433205994640000,1430.5,1437,1405.6,1426.3,1423.08,1205896,171608658845000
2010-09-15,2339,2384,2336.05,2375.45,2362.89,1275158,301305243200000,164.35,168,163.5,167.65,166.91,6914668,115409421085000,2848.8,2914.9,2835.3,2855.6,2883.29,169609,48903127575000,1100.5,1109.9,1095.15,1103.9,1101.75,3326158,366460779480000,1429,1475,1426,1470,1457.73,1692129,246667502635000
2010-09-16,2375.7,2415,2355.35,2395.3,2389.29,1276739,305050557680000,167,169.4,166.55,167.4,168.14,4589211,77164742885000,2855.6,2877.25,2791,2800.7,2842.82,78438,22298522680000,1100,1124,1097,1103.55,1110.47,4500560,499775884280000,1470,1523,1462.15,1484.8,1491.84,2014018,300458618340000
2010-09-17,2395.3,2426,2387,2400.6,2398.31,1075157,257856379140000,167.85,169.25,166.35,168.35,168.52,7586926,127851187380000,2820,2858.15,2808,2847.05,2837.12,80877,22945746790000,1105,1122,1105,1114.2,1114.79,3141964,350261722155000,1485.05,1513,1481,1506.5,1500.87,1286639,193107242115000
2010-09-20,2403.2,2469.95,2396.3,2446.2,2425.94,754773,183103029715000,169,178,168,176.65,174.57,13855370,241868367610000,2847.05,2878.5,2831.5,2853.6,2857.91,63487,18143984100000,1115,1133.75,1105,1127.75,1119.97,3136582,351289248535000,1505,1567,1488.2,1546.85,1513.78,1429001,216318852600000
2010-09-21,2455.1,2494.6,2455.1,2470.75,2474.31,1635539,404682654515000,177.85,179.3,171.4,172.65,174.2,16142882,281212574175000,2825.25,2873.55,2800,2816.1,2825.5,41355,11684837945000,1128,1132.8,1105.05,1127.15,1121.66,4874260,546725204725000,1550.5,1582.55,1525.15,1530.75,1548.08,2091577,323793827880000
2010-09-22,2470,2490,2450.3,2481.65,2465.72,1252451,308819875400000,171.35,175.8,171.35,174.7,174.36,7299247,127269256465000,2821,2841,2755.1,2768.85,2782.91,48404,13470404115000,1124.45,1136.9,1114,1126.1,1122.82,4436805,498174969190000,1536,1552,1515,1529.7,1530.12,1529892,234091597195000
2010-09-23,2471.55,2481.85,2453.15,2463.85,2461.15,619017,152349616615000,174.95,177.95,172.9,176.5,174.63,6357374,111020204065000,2771.7,2783.5,2726.6,2743.1,2756.89,73366,20226207980000,1124,1148,1080.35,1100.25,1109.32,2050899,227510627695000,1532,1539.7,1489.7,1495.25,1512.67,1661075,251266121765000
2010-09-24,2408.15,2502,2408.15,2495.25,2483.43,1395531,346569860065000,177.75,180.85,176.7,179.25,178.78,8878708,158729211330000,2755,2814,2735,2789.35,2796.89,422728,118232260345000,1100,1118.5,1088.45,1114.1,1107.18,3027804,335233745795000,1496.2,1512.95,1475.4,1506.85,1493.23,1726942,257872606405000
2010-09-27,2500,2510.8,2433.7,2438.45,2460.07,833872,205138264845000,180.4,180.6,177.3,178.4,179.08,7896324,141407790655000,2805,2824.4,2769,2778.4,2795.97,51104,14288522730000,1117.55,1130.85,1110,1115.1,1121.42,3032927,340118250775000,1519.95,1526.8,1493.2,1507.15,1513.09,898073,135886627540000
2010-09-28,2438,2461.7,2421.4,2450.4,2438.82,943211,230032002660000,178.9,180,176.3,178.4,178.16,7267234,129471167555000,2790,2805,2757,2777.85,2778.63,117027,32517488940000,1112,1115.1,1098,1110.7,1107.95,3584507,397146770530000,1504,1519.9,1492.4,1505.3,1504.48,1397148,210198204805000
2010-09-29,2474,2474,2426.2,2442.85,2442.41,779786,190455365945000,178.5,180.3,173,173.6,175.44,6696905,117489118040000,2787,2799.5,2733.5,2749.35,2784.23,288617,80357733835000,1115.1,1117,1095.65,1101.95,1103.65,2496279,275501746960000,1450.2,1522.35,1450.2,1510.4,1509.83,1287923,194454499065000
2010-09-30,2430,2499,2426.7,2489.35,2474.86,1847989,457352222480000,173.8,180,171.9,178.3,176.22,16308988,287390696175000,2725,2769.9,2650,2663.2,2690.08,102030,27446860545000,1100,1121,1097.3,1112.95,1106.77,3909992,432747205020000,1510.45,1542.95,1487.45,1536.6,1526.06,2183657,333238149150000
2010-10-01,2492,2504,2462.35,2500.75,2482.51,886513,220077422530000,178.9,180,176.3,178.65,179.26,10252470,183781450005000,2698,2718,2655,2664.5,2687.47,107499,28890084385000,1117.05,1137.85,1116,1135.2,1130.85,3179105,359508706945000,1538,1584,1538,1574.85,1563.07,1062768,166118539065000
2010-10-04,2500.75,2522.6,2483.2,2494,2496.23,699023,174492485140000,180,181.8,174.9,175.25,177.9,8643669,153774868320000,2699,2709.9,2640.1,2646.3,2674.8,83721,22393667375000,1141,1170,1141,1156.15,1159.54,3139711,364063618975000,1582,1596.2,1571.1,1577.1,1582.13,737526,116686325075000
2010-10-05,2481.4,2509.7,2437.45,2447.8,2466.8,859833,212103191155000,176,176.9,173.5,173.8,174.63,8322664,145341651745000,2650.1,2689.8,2650,2654.4,2667.06,100537,26813821430000,1148.05,1158.8,1141.75,1147.7,1149.8,2505483,288081643060000,1577.1,1590.4,1570.1,1575.3,1580.88,866991,137061243095000
2010-10-06,2455,2480,2450,2456.75,2461.2,410994,101153886595000,176.15,176.95,170.8,172.9,173.83,7193381,125041697215000,2955,2955,2671,2703.95,2688.96,150156,40376333455000,1161,1163.2,1138.5,1149.15,1150.41,2497299,287292253110000,1590,1598.7,1552.4,1562.25,1571.25,1356451,213132724090000
2010-10-07,2457,2470,2426.55,2433.55,2438.72,450642,109898833680000,173.8,174.4,171.2,171.9,172.64,7859108,135683058595000,2705,2748,2670,2700.65,2725.57,100254,27324964905000,1149,1151,1131.9,1137.6,1140.91,2344429,267477746410000,1562.25,1583,1561,1568.7,1570.77,971865,152657286800000
2010-10-08,2435.15,2448,2390,2405.75,2405.98,745343,179327887805000,172,173.35,169.6,172.45,171.7,7527508,129243581695000,2734,2734,2670,2675.75,2689.9,52865,14220144040000,1141,1141.9,1118.25,1126.2,1128.23,2777265,313339766630000,1572,1583.7,1556.1,1570.35,1569.34,1166059,182994510410000
2010-10-11,2440.8,2440.8,2366.65,2388.5,2391.56,991002,237004505220000,173.85,174.45,171.35,172.95,172.71,4981583,86034848400000,2650,2709,2650,2661.25,2670.01,56019,14957144835000,1130,1145.95,1123.65,1132.6,1132.67,2302266,260771173270000,1576.2,1605.5,1538.15,1550.85,1568.67,2004183,314390706855000
2010-10-12,2398.05,2400,2339.55,2380.3,2360.08,780990,184320229920000,171.9,172.8,169.15,170.95,170.15,5122208,87155911940000,2682.95,2682.95,2645,2660.65,2659.37,51631,13730615395000,1136,1144.7,1129.4,1138.7,1137.24,2526191,287288121495000,1565.85,1565.9,1525.1,1543.2,1537.02,849853,130624325195000
2010-10-13,2385,2450,2367,2441.25,2423.96,1028670,249345615590000,173,175.85,170.5,175.1,174.62,10706881,186967530565000,2688,2688,2655,2662.5,2663.52,56702,15102663585000,1138.7,1164.8,1136.2,1158.7,1150.13,4252138,489053148350000,1551,1594.65,1547.05,1588.75,1574.29,1027258,161719974925000
2010-10-14,2445,2456,2410.05,2424.35,2431.79,385363,93712022005000,176.7,176.85,173.85,175.05,175.62,4710270,82721854530000,2665.2,2721.9,2665.2,2699.05,2705.21,68844,18623779975000,1164.95,1169.2,1124.25,1139.7,1150.56,2765407,318177788785000,1595,1608.5,1557.25,1563.9,1587.4,1901910,301909556185000
2010-10-15,2424.4,2442.75,2379.95,2386.25,2403.73,586327,140937250570000,176,176,171.35,171.95,172.53,4472048,77154770670000,2700,2725,2655,2657.8,2680.54,204676,54864307050000,1141,1143,1118.1,1124.65,1128.8,2198705,248190898935000,1565,1575,1496.1,1502.05,1515.77,2506589,379941362265000
2010-10-18,2539.9,2539.9,2353,2398.45,2379.04,827510,196868305745000,172,172.85,167.1,171.55,169.56,8515278,144388847110000,2665.8,2715,2630,2658.95,2645.01,62932,16645556615000,1120,1124,1094.05,1116.15,1106.72,5810966,643110929385000,1427,1499,1427,1481.95,1474.12,2240881,330331992250000
2010-10-19,2423,2423,2358.55,2368.85,2397.11,832452,199547606080000,171.7,173.25,169.1,170.5,170.57,5910414,100813562360000,2720,2720,2628,2635.7,2670.75,55090,14713166905000,1125,1154.4,1113.5,1119.55,1132.46,3992090,452089006110000,1489,1497.3,1462.05,1468.5,1478.53,1640561,242561200265000
2010-10-20,2369,2372,2328.1,2335.55,2344.86,493023,115606791545000,169.25,171.3,167.5,168,168.79,5783816,97624022325000,2630,2634,2595,2604.4,2609.46,37765,9854644295000,1114,1128.05,1107.75,1113.9,1117.47,2263699,252961999355000,1465,1477,1451,1455.2,1464.04,1050854,153849201495000
2010-10-21,2330.05,2374.8,2316.65,2365.1,2358.48,729753,172111079620000,169.85,175,167.3,174.35,172.68,4437142,76620318795000,2612.2,2643.65,2610.25,2635.35,2627.05,24889,6538470500000,1121,1131.85,1103.1,1129.6,1119.28,3805812,425975676055000,1470,1513.25,1460,1506.3,1489.94,1934851,288282095190000
2010-10-22,2380,2380,2318.5,2326.65,2337.97,647519,151387721840000,174.1,174.5,170.2,171.2,172.08,3363206,57875117885000,2643.3,2659.9,2617.25,2623.6,2634.82,50567,13323501280000,1135,1139,1117.1,1131.85,1131.16,2147228,242886297130000,1513.85,1513.85,1461,1464,1476.48,926228,136755330485000
2010-10-25,2336,2367.5,2299,2304.7,2320.33,862979,200239338900000,173.25,173.4,168.6,169.15,170.25,6851677,116648972365000,2623,2648,2613,2620.7,2625.84,20831,5469897630000,1138,1157.9,1135,1142.1,1148.14,2448493,281120728090000,1467,1490,1460,1464.55,1473.79,939280,138430216710000
2010-10-26,2308,2326,2291,2301.4,2304.74,506972,116843872465000,170.35,173.35,169.1,171.75,171.54,6117586,104940658020000,2625.1,2640,2589.9,2591.95,2610.55,78817,20575532740000,1142,1143,1127,1131.15,1132.59,2198228,248968917915000,1470,1470.25,1455.25,1459.5,1461.92,883939,129224730780000
2010-10-27,2306,2306,2240.4,2254.3,2271.09,822033,186691457250000,171.75,171.9,167.2,167.85,169.15,4973579,84127165105000,2620,2620,2490,2502.6,2517.74,304854,76754205325000,1127.35,1129.3,1088.6,1106.75,1110.24,3598048,399469228290000,1460.5,1462.7,1438.05,1447.05,1447.1,702438,101649788915000
2010-10-28,2256.5,2315.85,2241,2266.7,2275.19,2106923,479365137045000,169.15,171.7,165,167.05,167.92,23103659,387948901910000,2612,2698,2502.65,2648.45,2641.62,259531,68558354810000,1114.5,1118.1,1078.05,1089.05,1095.07,9111924,997820001725000,1455.5,1471.2,1440,1444.8,1452.74,1935296,281149010950000
2010-10-29,2280,2298,2237,2279.9,2263.22,813243,184054427990000,169.1,171.9,165.7,171.2,169.53,18395915,311864276470000,2650,2709.9,2650,2687.75,2688.43,92133,24769290315000,1098.3,1177,1074,1163,1122.27,9668301,1085043657600000,1448.8,1483,1431.05,1471.05,1454.43,1209283,175881537105000
2010-11-01,2298,2366,2285.05,2349.2,2341.68,1013480,237324130380000,172.5,173.5,170.85,171.85,172.38,8534363,147116795910000,2701,2712,2678,2705.05,2698.33,40385,10897200015000,1186.25,1244,1186,1232,1225.66,9525228,1167464778630000,1488.9,1524.35,1482.1,1513.6,1507.73,1028011,154996206460000
2010-11-02,2365,2387,2343,2350.35,2365.48,556102,131544633795000,172.2,174,171,173.4,173.1,4629525,80136200260000,2710.05,2799,2695,2792.8,2775.57,101988,28307531215000,1228,1246.7,1209.25,1231.35,1225.48,4578468,561080470770000,1524,1537.5,1513.05,1526.6,1526.6,1013100,154659466145000
2010-11-03,2361,2371.9,2351.05,2362.25,2362.69,354076,83657158125000,174,177.1,174,175.55,175.9,9611124,169055688135000,2822,2822,2681.95,2694.9,2726.77,111949,30525963085000,1245,1254.8,1233,1238.65,1243.4,3226833,401224922540000,1528.15,1543.6,1528,1536.1,1535.4,532916,81824116445000
2010-11-04,2390,2405,2367.55,2389.2,2390.61,485816,116139511545000,177.35,177.5,175.05,177,176.71,5878121,103870795870000,2699.05,2730,2650,2663.05,2669.86,101606,27127408785000,1248.9,1270.55,1241,1266.05,1258.31,2953238,371609514040000,1550.7,1555.5,1538.1,1544.4,1546.01,533182,82430555055000
2010-11-05,2400,2407,2385,2393.4,2396.38,39254,9406739485000,178,178.5,176.2,177.15,177.42,1118075,19836661485000,2700,2724,2671,2688.95,2687.41,9119,2450651485000,1271.25,1279,1269.35,1273.35,1273.5,423588,53943873125000,1555,1558.85,1543,1549.85,1551.8,73352,11382734990000
2010-11-08,2393.4,2400,2325.45,2335.4,2355.13,425546,100221783455000,179.4,179.4,174.6,175.65,176.8,4636255,81968231000000,2687,2752.7,2687,2740.85,2725.97,57562,15691210135000,1273,1278,1243.95,1255.3,1256.29,5364618,673952724115000,1559,1584,1538.6,1555.9,1562.99,1296521,202645243370000
2010-11-09,2340,2406.8,2330.35,2398.5,2376.59,685805,162987675415000,176,178.45,174.1,177.8,176.25,4557030,80318126940000,2743.2,2759.85,2688,2755.4,2741.65,37802,10363996130000,1251,1277.8,1248.15,1269.15,1262.18,3581904,452101934575000,1555,1566.75,1541,1562.3,1554.99,772011,120046749245000
2010-11-10,2400,2419.8,2383.35,2395.85,2400.21,446717,107221662390000,177.5,178.4,176.4,177,177.42,3636209,64513241425000,2755,2775,2733.85,2747.45,2756.92,46077,12703038990000,1260,1264.9,1248.65,1255.2,1256.17,2220094,278881504010000,1567,1567,1536.3,1543.4,1549.28,700695,108557109805000
2010-11-11,2385.1,2409.4,2336.25,2353.3,2370.45,336437,79750743905000,177.5,178,174.65,175.35,176.54,2502472,44179162725000,2747.45,2747.45,2620,2650.85,2691.73,118727,31958132455000,1258,1264.9,1232.1,1237.1,1249.49,2272096,283896702685000,1546,1559.8,1517.5,1522.4,1539.55,633559,97539264465000
2010-11-12,2345,2379,2305,2314.9,2338.07,620155,144996851865000,175.9,177,172.4,173.85,174.97,4145763,72537895700000,2665,2699,2620,2639.3,2662.26,73552,19581441030000,1233,1234.9,1193.85,1200.45,1212.75,2761521,334902652910000,1528,1528,1481.45,1492,1499.11,908959,136263063625000
2010-11-15,2315,2392,2314,2385.85,2361.51,1140798,269400554135000,173.4,175.5,171.25,175.15,173.79,2651305,46077054050000,2660,2689,2620,2663.6,2664.7,152025,40510088595000,1200.45,1236.9,1197.35,1223.2,1222.04,4252182,519633238365000,1500.25,1535,1485.05,1521.7,1517.75,646911,98184803340000
2010-11-16,2399.7,2399.7,2325,2372.6,2360.07,914967,215938399755000,175.95,176.45,168.55,169.95,170.92,5736360,98045785780000,2663.55,2675,2625.95,2658.45,2655.19,75101,19940749605000,1232,1240.5,1193.6,1202.3,1216.3,3953504,480864401130000,1533.75,1533.95,1445,1469.15,1473.04,1447541,213228596435000
2010-11-18,2419,2419,2318.75,2340.35,2350.23,831599,195444725445000,175.75,175.75,168.5,171.95,171.3,8229574,140973288305000,2660,2695,2585,2652.3,2648.8,54441,14420306705000,1207,1207.45,1138.8,1164.4,1164.18,7111339,827886438225000,1499,1499,1389,1426,1427.07,5100637,727899125780000
2010-11-19,2345,2364,2292,2303.6,2309.97,587634,135741935990000,172.25,173,169.6,170.95,171.6,5889282,101057933905000,2674,2680.1,2610.1,2636.6,2639.08,40959,10809395850000,1166.9,1170,1140.55,1148.7,1153.56,3195844,368660715980000,1431.15,1431.15,1370.05,1384.7,1397.07,2683260,374869570910000
2010-11-22,2321,2390.95,2306,2379.9,2354.05,551095,129730553280000,171.25,176.4,170.4,175.9,173.82,8165708,141936352095000,2651.15,2685,2611,2659.35,2658.85,94039,25003534195000,1152.9,1193.15,1145.15,1180.05,1170.32,3244856,379752597920000,1400,1453.8,1370,1430.6,1413.65,2764172,390758244730000
2010-11-23,2365,2380,2307.45,2371.8,2349.97,570812,134139219155000,175.25,176,169.55,172.5,172.68,8523861,147191601310000,2649,2649,2601,2639.35,2638.69,112961,29806932730000,1172,1175.4,1128,1156.95,1155.2,3751973,433428202985000,1421,1427,1380.3,1421.7,1403.46,1414827,198565234460000
2010-11-24,2354,2373.9,2289.95,2311.4,2334.82,412875,96398833095000,173.95,174.25,171.7,173.7,173.47,6132583,106381641290000,2640,2669,2588,2604.1,2634.44,47427,12494364185000,1160,1174.9,1114.25,1125.1,1148.32,4914885,564385559100000,1428,1430.95,1370,1384.8,1412.31,986465,139319338690000
2010-11-25,2325,2358.7,2292.25,2323.05,2329.52,1134387,264257614610000,172.6,173.45,168.1,169.7,170.83,8978460,153380471515000,2634.45,2634.45,2450,2520.4,2545.85,84247,21447990825000,1136,1157.35,1102.6,1116.25,1128.85,7603636,858340118605000,1385.2,1395.7,1336.1,1342.9,1357.08,2293068,311187592515000
2010-11-26,2326,2340,2276,2297.9,2300.28,756969,174124102410000,170.25,170.8,166.05,167.65,168.46,9839032,165752149520000,2575,2621.2,2470,2547.7,2540.67,131864,33502268020000,1129,1152.6,1091.25,1124.15,1121.78,5587204,626760957045000,1341,1367.25,1297,1330.9,1331.19,1470206,195712617040000
2010-11-29,2300,2317.9,2285,2297.9,2304.99,590943,136211781200000,168,169.75,164,168.6,166.42,12736585,211960599300000,2551.1,2616.55,2551.1,2585.75,2575.17,139580,35944268825000,1136,1163.25,1133.35,1154.3,1149.65,3736399,429555054165000,1348.95,1349,1321,1329.1,1331.83,1094087,145713882455000
2010-11-30,2297,2334.05,2258.5,2285.4,2291.87,862678,197714364040000,167.55,173,166,171.9,169.41,13222808,224005408520000,2559.95,2659.95,2559.95,2648.9,2612.93,49859,13027808820000,1150.1,1156.7,1127.65,1142.1,1142.56,5860932,669643981355000,1329,1389.8,1315.2,1366.85,1357.78,1306098,177339359335000
2010-12-01,2288.55,2375,2280,2367.05,2339.77,804072,188134294740000,172.5,172.5,169.85,171.4,170.92,4726387,80781638365000,2635.35,2724,2635.35,2680.4,2692.37,76963,20721282155000,1150,1178,1144.8,1167.45,1161.28,4193030,486928864740000,1370.05,1428.9,1370,1424.45,1406.46,1101487,154920219700000
2010-12-02,2378,2400,2353.1,2391.75,2383.31,736928,175632669375000,172.15,172.9,169.75,170.9,170.55,8483442,144683235550000,2680.4,2720,2642,2651.85,2661.44,17715,4714739425000,1182,1202,1180,1191.15,1190.49,3987877,474752930490000,1441,1461,1423.15,1455.35,1439.33,1329574,191369639420000
2010-12-03,2395,2400,2372,2395.65,2387.07,396179,94570846855000,167.5,172,165,171.3,169.29,9458308,160121021975000,2690,2690,2639,2670.05,2668.13,23901,6377088390000,1186,1190.7,1167,1181.45,1180.74,2687850,317365804690000,1455.35,1455.35,1388.85,1406.15,1409.91,1603168,226031473435000
2010-12-06,2420,2425,2375.25,2383.25,2403.83,468156,112536829780000,171,171,168.5,169.05,169.3,3997804,67684223400000,2670.65,2692.5,2670.65,2682.1,2682.37,15511,4160623615000,1189.5,1195.2,1143.2,1151.2,1167.09,3887953,453759704475000,1424.7,1424.7,1376,1382.45,1400.07,937766,131294214900000
2010-12-07,2380,2390,2328.5,2351.65,2347.35,859735,201809613045000,168.6,169.7,166.3,168.2,167.82,6653798,111666240800000,2682.1,2718.85,2664,2707.65,2692.97,37824,10185883445000,1148.7,1148.7,1100,1110.5,1111.8,6303028,700768949215000,1385,1385.05,1307.5,1324.5,1326.87,2431914,322683900620000
2010-12-08,2340,2340,2265.2,2280.45,2285.05,1174422,268361546630000,168,170,166.25,166.75,167.57,6505391,109008727715000,2686.2,2717.9,2651.05,2658.05,2691.69,29560,7956635500000,1105,1113.5,1085.25,1104.4,1100.12,4225424,464847480855000,1319,1319,1243.3,1251.5,1269.72,4293576,545162871320000
2010-12-09,2273.15,2284.4,2219.3,2232,2241,1828392,409742395615000,167.45,168.5,165.8,167.3,166.87,7392179,123351557670000,2625.05,2685,2610.5,2643.6,2637.54,38044,10034275635000,1104.05,1120.7,1045.1,1058.3,1081.84,8412396,910087443785000,1262.4,1299,1229.7,1245.75,1274.12,3133521,399248206810000
2010-12-10,2200,2232.25,2170.3,2222.35,2200.02,2062123,453671923590000,167.9,170.9,167,170.3,169.67,4181753,70953136505000,2641.05,2674,2635,2664.65,2652.03,30664,8132182730000,1057,1125,1041.1,1117.1,1094.47,6827525,747250134685000,1253,1330,1248,1323.55,1300.3,2103044,273457886355000
2010-12-13,2243,2245,2181.4,2239,2217.44,791168,175436904720000,170.75,171,165.5,167.15,167.17,5996732,100247563690000,2660.1,2706.5,2660.1,2697.25,2690.76,15123,4069243465000,1126,1126.55,1086.15,1120.4,1107.34,3636563,402692333140000,1340,1355,1293.1,1320.65,1321.77,1774092,234493983965000
2010-12-14,2247,2275.9,2212,2238.25,2240.03,592208,132656580410000,168,169.6,167.1,168.4,168.32,4783122,80510888685000,2698.25,2747.3,2698.25,2740.95,2728.3,25423,6936166285000,1124.9,1133,1103.35,1119.5,1117.3,2830159,316212617095000,1333.8,1334.9,1285.2,1303.35,1301.85,2513689,327243455150000
2010-12-15,2230,2230,2150,2162.9,2188.88,1121021,245377570885000,166.7,168.8,166.5,167,167.14,5303809,88649047230000,2741,2749,2700,2711.2,2715.79,10244,2782053435000,1102,1108.7,1071.1,1078.7,1087.14,4781060,519770172670000,1300,1321,1280.05,1297.6,1300.49,1995674,259535692025000
2010-12-16,2163,2219.6,2150,2200.8,2180.32,975918,212781570140000,168.45,168.45,164.15,168.05,166.46,4760235,79238636130000,2729.95,2733.35,2684,2706.15,2692.14,87130,23456657115000,1084,1112.15,1068.1,1105.75,1091.02,4101682,447502207800000,1304.65,1319.7,1285.1,1309.35,1305.78,1938887,253176495540000
2010-12-20,2199.8,2199.8,2151.45,2172.5,2173.13,516122,112159877835000,168.25,168.25,165.6,166.95,166.65,3904035,65059761930000,2700,2774.95,2700,2764.8,2760.04,47977,13241862725000,1099.7,1118.9,1088.05,1100.05,1104.32,3212298,354739426205000,1310,1310,1266.85,1270.9,1281.1,1471260,188482800320000
2010-12-21,2173,2219.05,2171.9,2214.1,2206.82,617558,136283813475000,167,167.5,165.8,167.15,166.75,3428820,57175986380000,2764.8,2936,2730.25,2916.2,2882,172333,49666364235000,1102.7,1143,1102,1138.35,1133.75,4137814,469126279450000,1280.9,1323.9,1280,1318.35,1310.19,1862798,244062569070000
2010-12-22,2233,2240,2170.05,2178.8,2203.94,750324,165366561990000,168.7,168.7,166.2,167.4,167.14,3435466,57419661885000,2930,2974,2921,2941.5,2952.25,103122,30444186890000,1145,1145,1120.1,1131.75,1132.77,2692166,304961765635000,1328,1329.5,1304.2,1311.65,1316.34,1171119,154159592350000
2010-12-23,2180,2204,2173.95,2190.95,2191.81,326327,71524830865000,168.4,168.4,166.15,166.9,167.07,2918706,48763188950000,2903,3027.3,2872.5,2963.9,2987.69,166163,49644279275000,1139,1140,1122.8,1129.65,1131.84,1926646,218066001120000,1322.8,1322.8,1309.65,1314.1,1313.7,566107,74369728140000
2010-12-24,2189,2224.75,2175,2218.4,2203.01,351671,77473327020000,165.7,170.4,165.7,169.9,169.21,4962529,83971628705000,2960,2965,2875.1,2887.75,2911.79,64927,18905353805000,1117,1127.9,1112,1118.15,1119.75,2034531,227815638105000,1300,1324.8,1300,1322,1314.74,518834,68213315590000
2010-12-27,2219,2230,2197.1,2213.7,2211.43,377063,83384674205000,169.75,171.25,169.05,169.75,170.41,4616790,78675699110000,2866.5,2899.6,2823,2839.7,2852.24,37980,10832800760000,1118.25,1136,1118.25,1125.55,1129.04,1604653,181171747635000,1329.4,1330,1310.1,1316.6,1318.41,415449,54773020480000
2010-12-28,2223.9,2268.7,2215.15,2256.15,2241.45,467503,104788616270000,169.75,171.8,169.75,171.2,170.69,2876490,49099642420000,2835.45,2846.5,2802,2812.5,2816.41,25059,7057634465000,1126,1126,1108.7,1111.85,1115.35,1544960,172317197750000,1321.9,1321.9,1286.55,1288.9,1296.97,714182,92626939965000
2010-12-29,2256,2336.8,2253.55,2327.8,2308.41,807104,186312587410000,171.2,174.6,171.15,174.2,173.11,6807380,117840425160000,2813.15,2855,2810.05,2817.75,2832.91,39975,11324547420000,1115,1132,1109.1,1129.45,1123.05,2290701,257256213350000,1290.55,1315,1290.55,1312.4,1305.83,788582,102975563740000
2010-12-30,2336.2,2343.4,2288.05,2305.5,2306.42,725235,167269573630000,173.3,176.35,172.65,174.55,175.02,19663873,344153027590000,2823.4,2844,2806.75,2822.9,2821.15,57418,16198480640000,1123.1,1143.6,1123.1,1136.85,1135.72,3741694,424950249650000,1320,1338.7,1305.1,1333.8,1324.14,1410092,186715729100000
2010-12-31,2305,2365,2292.05,2346.35,2348.16,824891,193697822305000,173.85,175.95,173.65,174.65,174.78,6940466,121306256720000,2811,2893,2811,2878.7,2869.91,48039,13786764460000,1136.65,1148.2,1135,1145.1,1143.14,1959891,224042854135000,1336.75,1358,1331.9,1350.1,1349.62,902611,121817831570000
2011-01-03,2370,2399.65,2350.4,2390.5,2385.59,539839,128783675960000,175.95,175.95,173.9,174.8,174.86,2328100,40708991555000,2898,2937.4,2860.05,2874.55,2906.6,45430,13204692835000,1154,1158.4,1138.95,1144.85,1148.52,1379646,158455763900000,1365,1372,1342.3,1367.65,1361.43,1053220,143388472210000
2011-01-04,2386.5,2388,2333,2345.55,2355.04,828413,195094408730000,175,178.1,175,177.5,177.04,9959940,176335375050000,2899,2899,2826,2836.2,2859.49,24922,7126423490000,1145.7,1149.2,1098.1,1104.05,1114.11,4175490,465197273145000,1372.9,1376.6,1343.5,1347.95,1354.47,1383815,187434038615000
2011-01-05,2349.7,2349.7,2297.5,2308.2,2313.85,782592,181080225845000,177.4,180.2,175.8,179.8,178.85,8526889,152504091255000,2880,2895,2830.25,2880.5,2878.32,71035,20446148370000,1097.2,1099,1065,1069.35,1075.35,5307600,570752804750000,1351,1351,1303,1310.9,1316.4,1749878,230353705030000
2011-01-06,2316,2342.65,2309,2327.75,2323.94,543509,126308391940000,180.35,181,175.85,178.9,178.39,5937832,105922433315000,2882,2894,2842.5,2849.5,2863.01,14928,4273905445000,1074.25,1078.45,1047.25,1053.45,1057.66,4769781,504479362270000,1316.35,1322.1,1300,1305.85,1307.36,793434,103730373340000
2011-01-07,2326.2,2326.2,2261,2269.45,2279.24,794801,181154010450000,178.05,180,170.6,172.5,176.5,7202862,127132891205000,2849.55,2867.9,2761.35,2775.75,2802.3,49871,13975336890000,1045,1077.9,1041,1049.2,1063.31,6178882,657004643680000,1300.35,1300.35,1263.9,1280.65,1283.35,2409583,309234294230000
2011-01-10,2256.05,2270,2138,2152.25,2179.89,2007086,437522421260000,172.2,172.4,168.55,170.6,170.91,8269682,141337677170000,2785.05,2785.05,2648,2677.75,2703.5,44316,11980815490000,1044.25,1058.85,1005.1,1014,1029.57,6510410,670290017545000,1285,1305,1246.3,1254.6,1279.51,1614057,206520589535000
2011-01-11,2170,2218.7,2125,2146.6,2161.08,1215759,262734985635000,170.2,174,168.05,170.1,170.97,7929657,135574865495000,2677.75,2729,2613,2703.35,2670.07,48138,12853163735000,1016,1042.65,1002.75,1022.95,1024.4,6182864,633375421330000,1260.1,1325.5,1260,1300.2,1287.34,2508622,322946164640000
2011-01-12,2169,2214,2106.6,2205.3,2160.27,990533,213981437335000,172.15,174.4,168.6,173.75,171.29,5116233,87635149470000,2720,2744,2676,2726.3,2718.66,21311,5793735175000,1030.8,1074.25,1024.35,1069.45,1045.66,6864148,717758055230000,1305.95,1322.85,1290,1313.35,1306.15,2592040,338559304025000
2011-01-13,2209,2217.4,2126.4,2143,2157.04,948601,204616696215000,173.05,174.7,171.4,173.15,172.79,7542589,130331080585000,2739,2764.9,2700.1,2713.75,2730.82,17933,4897171065000,1068,1068,1016,1026,1042.43,5149819,536835146730000,1308.5,1327.6,1261.1,1265.45,1287.44,1144848,147392185115000
2011-01-14,2150,2208,2030,2049.55,2114.87,1279141,270522189420000,172.6,177.15,169.1,170.55,173.05,5992790,103705881460000,2685.05,2734.5,2684.85,2725.9,2717.97,21548,5856690020000,1030,1053.8,1005,1009.2,1027.13,4470591,459188128070000,1269.8,1277,1195,1201.6,1233.44,2692770,332136524475000
2011-01-17,2060,2093,2050.55,2068.1,2069.93,1228082,254203950850000,170.1,174.9,167.65,171.95,173.24,9449949,163708990675000,2695.55,2695.55,2655,2662.85,2670.87,208830,55775861520000,1010.1,1019.9,993,1001.15,1007.67,3310703,333610690690000,1212,1240,1200.1,1229,1226.27,2063871,253086418175000
2011-01-18,2086.8,2116,2046.65,2109.35,2088.08,842016,175819366235000,172.4,176.75,172.1,176.15,174.76,6407596,111979984370000,2690,2690,2636,2654.75,2650.28,262421,69548788770000,1010,1024,1000.1,1011.45,1012.88,3480850,352567317625000,1230.15,1297.95,1230.15,1278.25,1273.67,2940254,374490028385000
2011-01-19,2111.65,2114.05,2063,2075.45,2081.69,899205,187186967915000,176.5,178.3,173.6,175.45,176.18,9397039,165554287260000,2660,2698.5,2656,2668.35,2673.38,17021,4550354085000,1015.9,1035,1015.9,1023.25,1025.69,3285668,337008169215000,1280,1297,1268,1280.1,1283.32,1591785,204276387330000
2011-01-20,2069.25,2134.4,2045.9,2117.55,2085.05,963854,200967953995000,174.35,175.9,170.65,171.65,172.18,7343420,126436915310000,2657,2684.9,2640.2,2674.3,2661.15,92710,24671478155000,1018.7,1066.5,1006.45,1050.55,1033.71,3606524,372811487045000,1274,1333.45,1255,1285.1,1285.4,2582837,331997744540000
2011-01-21,2104,2124.7,2076.1,2094.15,2096.48,829761,173957766900000,171.2,172.55,168.4,168.9,170.19,9015413,153433113685000,2636,2689,2636,2663.5,2659.93,76956,20469730145000,1043.15,1069.1,1034.45,1065.55,1056.54,4310320,455404643380000,1275,1293.65,1266,1287.05,1285.07,2037127,261785019935000
2011-01-24,2095,2154,2073,2148.6,2113.25,1277416,269949402315000,169.95,170.45,168,169.1,169.16,5123983,86675643045000,2663.5,2709.9,2601.15,2620.95,2638.21,150487,39701584765000,1065,1091.9,1060,1083.9,1080.38,8609403,930145090875000,1289,1344.75,1289,1325.75,1328.47,3262159,433368728125000
2011-01-25,2151.2,2174.85,2070.1,2084.3,2117.86,1411054,298841665920000,169.2,170.35,167.5,168,168.64,5217141,87980699760000,2620.95,2643.9,2595,2599.85,2604.89,160118,41708910950000,1088,1091,1033,1037.9,1061.88,6990621,742321830420000,1328,1344,1293.75,1297.2,1320.01,2648349,349585001575000
2011-01-27,2100,2100,2041,2050.9,2075.94,1894558,393299134990000,168.85,169.75,167,167.8,168.58,7810956,131680808800000,2595,2664.1,2595,2600.05,2600.91,74971,19499255015000,1047,1050,1006.5,1014.35,1027.02,6054139,621772412060000,1314,1326,1287,1298.95,1314.7,2875539,378046215845000
2011-01-28,2055,2089.35,2042.05,2054.25,2064.34,1779842,367419017110000,168.85,170.25,165.6,168.15,168.45,10673548,179799588600000,2646.9,2646.9,2550,2579.1,2571.05,273420,70297614625000,1018,1030.2,993.25,1018.45,1007.38,4870583,490653456125000,1300,1304.4,1243.45,1253.5,1263.62,2604734,329140427840000
2011-01-31,2042.7,2063.45,1996.2,2047.3,2023.92,1111803,225020020300000,167.1,167.9,160.95,162.6,163.48,11340586,185398578755000,2565,2599,2482.05,2577.5,2566.42,224985,57740488310000,998.9,1030,991.55,1021.6,1014.27,3944485,400077946670000,1232.05,1262.8,1228.65,1242.2,1246.06,1944281,242269812465000
2011-02-01,2076.9,2076.9,2015.1,2039.6,2039.18,855123,174375281290000,163.65,163.8,156.2,159.6,158.38,14164030,224336061030000,2574.95,2580.05,2445,2487.9,2515.74,173854,43737191440000,1019.1,1020,990,994.8,1001.86,4569630,457815138030000,1253.65,1257.65,1234,1242.65,1246.13,1620065,201881841180000
2011-02-02,2051.5,2063.5,2006.2,2019.9,2032.8,976217,198445101755000,160.75,161.7,158,159,159.82,6424256,102672176100000,2483,2525.05,2445.65,2485.45,2482.45,75125,18649423465000,1015,1023.85,1002.15,1011.4,1013.34,3106142,314758002720000,1255,1257,1216.05,1225.05,1231.13,1709919,210513451260000
2011-02-03,2020,2071.75,2010,2060.95,2049.43,579603,118785534890000,158.4,161.2,157.6,159.45,159.64,4724395,75418017200000,2450.05,2534,2439.95,2471.6,2473.52,73738,18239225935000,1010,1037.7,1003.25,1027,1026.41,2921538,299870647070000,1218,1263.4,1218,1256.35,1247.78,983587,122730237305000
2011-02-04,2051,2085,2005,2017.75,2045.03,925320,189230514225000,159.6,160.75,151.7,153,155.31,9752502,151468291785000,2450.05,2506.9,2450.05,2486.25,2491.1,161739,40290784065000,1020,1034.75,990.2,996,1011.49,3506122,354642232945000,1245.35,1268.3,1212.2,1222.6,1240.56,1810354,224585423260000
2011-02-07,2045,2060,2020.2,2038.85,2050.26,855946,175491075915000,155.8,158.75,153.3,157.1,156.26,9777809,152792211715000,2487.05,2531,2481,2501.55,2509.26,52616,13202731095000,985,995,974.35,978.75,986.5,3363371,331795671645000,1242.4,1242.4,1215.25,1228.55,1229.68,982536,120820095480000
2011-02-08,2059.9,2059.95,1985.1,2002.85,2012.17,719599,144795812800000,157.5,158.25,156,156.1,156.9,6232570,97786958790000,2507,2565,2471.1,2479.6,2515.69,72210,18165773630000,985.9,986,946.8,951.55,960.68,7011244,673558687320000,1225.1,1234,1182.1,1190.7,1199.55,1266946,151976323195000
2011-02-09,1998,2035,1981.4,2022.3,2013.34,735758,148133085055000,156,156.5,152.75,153.9,154.12,8450351,130234812385000,2477.5,2492.8,2428.05,2475.2,2460.96,99489,24483820915000,951,985.9,939.8,957.05,965.31,6726012,649269579015000,1185,1195.05,1150,1160.65,1174.15,1759397,206580368480000
2011-02-10,2016,2049,2000,2015.85,2026.1,1153559,233723021630000,154.2,158.95,154.2,156.15,157.02,7148916,112254591375000,2460.05,2514,2455.1,2483.75,2491.85,64916,16176074135000,957.3,974.75,955,959.85,963.96,3402750,328011119725000,1156.1,1194.8,1150,1165.55,1169.91,1883525,220354547040000
2011-02-11,1995,2060,1995,2059.3,2042.15,1010342,206326641895000,156.85,157.1,154,155.1,155.36,5769577,89638949710000,2499.35,2521.05,2456,2498.55,2491.21,227719,56729529765000,961.15,1008,961.15,1000.55,982,4038535,396583440380000,1165.1,1229.7,1163.15,1221.7,1192.87,1441279,171925273500000
2011-02-14,2050.15,2110.2,2050.15,2105.45,2089.94,592236,123773600350000,154.7,159.8,154.7,157.5,157.46,6673546,105079268995000,2481.6,2623.8,2445.5,2600,2531.41,94621,23952491885000,1010.1,1038.35,1010.1,1034.25,1028.62,3487893,358772849340000,1207.1,1275.9,1207.1,1270.05,1254.01,1310413,164327601870000
2011-02-15,2110,2128,2075.3,2107,2106.58,759973,160094150085000,158.65,158.7,154.6,157.1,156.89,4353658,68305988735000,2582,2625.05,2575,2587.9,2598.58,34078,8855445700000,1034,1066.15,1034,1054.2,1049.96,4905915,515099742595000,1277.4,1288.3,1250.3,1274.8,1271.3,1399151,177873951140000
2011-02-16,2114,2122,2085.05,2094.85,2096.5,455079,95407359365000,156.2,158.85,156.2,156.9,157.77,3655463,57673270745000,2585,2617.5,2550,2564.45,2590.71,33774,8749859235000,1046.5,1059.6,1044.25,1050.6,1052.68,1679314,176778730525000,1265.15,1305,1265.15,1296.8,1293.69,1648304,213239628695000
2011-02-17,2100,2194,2095,2185.6,2163.05,1180492,255346724640000,157.5,158.9,154.85,158.45,157.13,6898957,108401997600000,2596.95,2600.2,2546,2594.8,2581.27,32620,8420114810000,1047.85,1070,1036.15,1057,1055.65,3974153,419531058640000,1348.85,1348.85,1292.05,1317.5,1309.89,1475778,193310148140000
2011-02-18,2184,2243.1,2165.25,2176.1,2211.59,1976787,437184182810000,158.35,160.15,155,155.75,157.73,4761320,75098718795000,2585,2612.7,2585,2599.1,2599.97,148659,38650846180000,1062,1073,1022.6,1026.2,1049.01,6405899,671985139515000,1318,1341.3,1290.05,1296.8,1315.36,2099458,276154540570000
2011-02-21,2165,2208,2132.5,2201.7,2165.7,560051,121290044015000,155.75,158.85,154.6,158.2,156.28,2602539,40672150665000,2600,2624,2505.2,2570.8,2559.49,39994,10236440025000,1026.2,1041.8,1006.1,1037.65,1021.46,2738791,279755671185000,1290,1313,1278,1306.95,1298.3,1077947,139949335475000
2011-02-22,2190,2191.7,2125.4,2138.45,2151.3,579643,124698621075000,157.9,157.9,155.5,156.7,156.59,4560136,71407667410000,2562.05,2562.05,2500,2510.1,2525.37,35037,8848133355000,1026.7,1033,1015.15,1027.1,1022.18,2664309,272341598815000,1271.3,1294,1258,1264.65,1273.48,1025733,130624620070000
2011-02-23,2125.2,2153,2100.2,2114.1,2131.66,611422,130334214495000,157,157.5,155.1,155.6,156,3495833,54533804395000,2480.05,2499,2452.2,2478.05,2479.96,113620,28177274655000,1019,1029.8,1003.1,1006.1,1017.84,2635809,268282429550000,1259.95,1279,1251.3,1255,1264.87,939210,118798220225000
2011-02-24,2087,2118.55,2045.75,2059.1,2076.8,1002777,208257028225000,154.35,156.2,149,150.65,151.96,17813977,270695911660000,2467,2485,2398,2411.35,2424.09,185023,44851206530000,1003.2,1004,943.7,951.35,967.25,7896563,763796136270000,1243,1251,1180,1190.35,1209.75,2009530,243103883130000
2011-02-25,2087,2087,2018,2042.15,2053.73,630996,129589351580000,152.7,156.9,151.5,156.3,155.27,9117557,141565479840000,2405,2470,2395.3,2406.5,2404.95,180378,43379970805000,969.4,996.55,966.2,986.25,982.55,4865725,478080582525000,1205.9,1244,1193.75,1232.5,1215.39,1679658,204144035060000
2011-02-28,2064,2120.95,2035,2052.25,2065.14,1098136,226780982285000,156.05,170,154.4,169,165.26,30328270,501208832825000,2364,2450,2364,2400.7,2405.21,114958,27649850115000,997.8,1006.45,962.1,970.85,983.6,6703496,659352594535000,1233,1293.3,1212,1218.55,1246.29,1839901,229304389300000
2011-03-01,2074.8,2150,2059,2139,2124.43,1025058,217766334620000,170.8,174,170.6,173.6,172.76,14636645,252858307975000,2424.75,2547.9,2410,2532.8,2498.04,51276,12808970950000,983.9,1030,978.3,1026.2,1007.26,4793036,482784145325000,1235,1299,1233.45,1288.8,1269.78,1411011,179167693735000
2011-03-03,2134.9,2222.3,2130.05,2193.15,2184.55,1266882,276756910015000,172,176,171.2,173.55,174.02,13318259,231763960450000,2501.1,2563.65,2485,2537.95,2537.54,61885,15703563065000,1009,1035.7,996.05,1019.55,1014.11,6260500,634880625435000,1278,1320,1261.1,1309.8,1290.16,2269095,292750307095000
2011-03-04,2210,2232.9,2206.5,2218.25,2221.01,985494,218878950690000,174.55,174.8,172,172.4,172.89,8281544,143182020480000,2574.95,2597,2491.1,2508.25,2537.22,132235,33550916355000,1030,1046.45,1011.4,1016.35,1026.6,3376058,346585878705000,1324.4,1341,1313.15,1328.3,1328.19,1629482,216426870465000
2011-03-07,2204,2204,2150.9,2173.15,2170.65,642784,139525841390000,171.25,173.8,168.05,172.65,171.01,6731348,115112575395000,2500.05,2526.95,2442.2,2505.2,2491.95,41494,10340098660000,1007.75,1014,992,1010.15,1002.44,3109299,311687708970000,1305,1310,1266,1283.4,1283.09,1115941,143185273185000
2011-03-08,2158,2218.5,2156.5,2206.5,2201.79,898557,197843760610000,173.7,173.9,171.15,171.95,172.35,5713198,98465686460000,2524,2525.6,2500,2500.1,2502.72,63251,15829925995000,1015,1024.55,1005.1,1020.6,1015.66,2813140,285720085600000,1286,1318,1283.1,1311.5,1303.72,986796,128650883745000
2011-03-09,2210,2238.7,2195,2206.05,2206.44,904199,199506281700000,172.4,173.15,170.6,171.75,171.72,4216081,72398863540000,2521.95,2526.9,2500,2501,2501.51,81296,20336299270000,1029.7,1040,1021.3,1035.25,1032.83,3100874,320266287185000,1317,1329.55,1292,1300.95,1309.25,1333258,174557217615000
2011-03-10,2192,2215,2182.35,2208.4,2201.67,747031,164471811840000,171.45,171.95,169.3,171.3,170.63,4426826,75533819415000,2495.1,2514,2490,2500.05,2500.95,69936,17490666010000,1028,1028,1008.1,1014.55,1014.94,1915103,194371807515000,1297.15,1297.15,1275,1285.05,1282.55,694119,89024551670000
2011-03-11,2182.05,2217,2175,2186.35,2191.15,655395,143607194735000,170.75,173,169.55,171.35,171.59,3983495,68354192890000,2499,2539.7,2485,2529.65,2525.11,51512,13007328015000,1007,1025,1000.15,1006.9,1011.34,2642778,267274253170000,1276,1297,1258.3,1265.7,1273.29,1268319,161493250945000
2011-03-14,2172,2219,2172,2214.75,2204.8,654144,144225788315000,171.75,173.9,170.5,173.45,172.55,4499572,77638113095000,2522,2555,2506.35,2528.15,2528.1,31481,7958715185000,1006.9,1021.6,1005.95,1019.1,1015.33,1886927,191584953870000,1266,1296.9,1266,1290.35,1283.9,968755,124378746415000
2011-03-15,2170,2207.7,2130,2184.65,2171.24,1380100,299652900070000,171.05,172.8,167.7,170.1,170.6,6938352,118367752210000,2501,2550,2500,2531.2,2528.72,36020,9108439880000,990,1003.45,985.75,996.6,996.29,3880159,386575983820000,1253.35,1299.8,1245.7,1282.95,1280.5,1490386,190843537625000
2011-03-16,2196,2205,2178.6,2183.75,2193.74,580534,127354262910000,170.65,172.35,170.65,171.2,171.35,3295515,56468017670000,2587.95,2587.95,2535.7,2553.2,2556.93,21881,5594812210000,1002,1033.9,1002,1027.45,1023.15,4100531,419544889775000,1290,1325,1290,1318.6,1313.92,1492511,196104170625000
2011-03-17,2170.2,2233,2166.15,2181.5,2207.96,1676062,370067255560000,169.5,170.9,167.3,168.05,169.32,7809038,132221818935000,2524,2595,2505,2579.2,2564.82,113455,29099129950000,1020,1027.4,1004.2,1011.85,1016.08,5709140,580092094675000,1300,1328.35,1286.3,1291.1,1302.87,1689672,220143077535000
2011-03-18,2180,2196.2,2142.1,2149.3,2159.22,482212,104120255620000,169.6,169.85,165.6,167.95,167.59,6477866,108564544785000,2588,2605.05,2501,2546.3,2574.22,190509,49041227910000,1013.55,1022,1000.05,1002.55,1008.06,2122726,213982655190000,1298,1300,1261.1,1269.2,1274.63,1549179,197463066625000
2011-03-21,2170.2,2178.7,2146.45,2154.45,2159.37,615935,133003039450000,168.65,169.9,167.5,167.9,168.76,4098066,69160888500000,2530.15,2530.15,2509.05,2523.65,2520.64,42313,10665571855000,1009.9,1012.85,997,1003.6,1004.06,1901677,190939740160000,1288,1290,1261.1,1279.35,1276.7,588554,75140775705000
2011-03-22,2159.1,2173,2142.05,2151.6,2157.67,471527,101740168495000,168.6,170.9,167.5,170.05,169.77,4098669,69582238480000,2534.25,2553.7,2506,2509.8,2533.2,12329,3123182870000,1007.95,1013.4,997.3,1004.15,1005.49,3273689,329166911350000,1288,1305,1278,1295.9,1294.85,775686,100440057320000
2011-03-23,2150,2181.9,2145.05,2164.2,2167.24,465735,100936013475000,170,172.45,169.15,171.95,171.72,5693602,97769266835000,2507.9,2555,2507.9,2545.75,2542.83,34343,8732848585000,1001.7,1043.65,999.25,1040.9,1031.71,5147838,531106244250000,1295,1317.5,1291.35,1315.4,1309.16,924235,120997084950000
2011-03-24,2179,2198.9,2168.5,2192.8,2184.04,441381,96399235290000,173,173.6,171.9,173,172.95,5421895,93774328115000,2540,2558.15,2500,2502.85,2519.36,58051,14625118220000,1046.45,1064.95,1046.45,1053.1,1056.94,3026339,319864875890000,1318.2,1334.4,1307.55,1319.45,1320.83,1208316,159598352415000
2011-03-25,2207,2275,2200,2265.05,2240.26,890148,199416416790000,175,178,173.5,177.45,175.9,11706955,205922469360000,2511.55,2643,2511.55,2529.25,2546.33,38999,9930440270000,1070.8,1097,1059.15,1091.1,1077.91,3981956,429219947670000,1342.8,1369.9,1326.95,1364.95,1353.16,1947999,263595303840000
2011-03-28,2265,2312,2265,2296.75,2295.16,1093031,250867820885000,176.5,179.6,176.35,178.7,178.43,8758699,156283664615000,2531,2556.95,2515,2527.4,2541.97,35453,9012061865000,1079,1115.5,1078.05,1100.8,1105.02,5782206,638944874115000,1370,1392.3,1365.05,1384.25,1383.59,1456980,201585730170000
2011-03-29,2310,2323.8,2284.65,2305.15,2309.91,1081830,249892761585000,179.5,180,178.15,179.25,179.11,8379252,150077260565000,2522.05,2544.35,2511.15,2515.85,2523.72,21275,5369219260000,1100,1110,1093,1099.5,1103.09,3531177,389520402245000,1377.6,1431.75,1377.6,1422.15,1411.56,2493596,351987159110000
2011-03-30,2315,2364,2306,2341.5,2339.62,1109742,259637467180000,179.9,181.35,176.75,177.6,178.63,10641408,190092345325000,2515.85,2574.95,2485.25,2536.2,2550.82,129943,33146138350000,1105,1115.45,1100.55,1109.1,1107.89,2597301,287752629475000,1426.9,1432.15,1413.55,1426.45,1423.6,1174433,167192160925000
2011-03-31,2350,2395.9,2305.1,2345.85,2351.2,1893191,445127097650000,178.25,184,178.25,182.1,181.28,22010415,399012252195000,2529,2568.9,2511.05,2525.8,2545.21,64887,16515102150000,1112.2,1128,1097.6,1116.2,1116.11,7222403,806097051940000,1429,1443.55,1386.05,1403.85,1411.44,2618567,369593958370000
2011-04-01,2353,2365,2323,2333.75,2334.8,436929,102014359875000,182.05,184.95,181.4,182.5,183.08,11065471,202582105450000,2568.95,2568.95,2511,2520.55,2528.35,57384,14508659680000,1114.8,1119,1095,1102.9,1103.14,3164043,349038326815000,1410.3,1417,1378.6,1407.75,1396.75,1069318,149357220010000
2011-04-04,2340,2405,2340,2400.8,2387.12,632227,150919957970000,183.45,185,182.8,184.85,184.34,6449143,118886508705000,2550,2550,2522.2,2529.65,2531.22,102120,25848802885000,1105.25,1126.95,1105.25,1119.2,1118.01,3074910,343776573655000,1411.1,1441.9,1407,1432.1,1428.13,1091468,155875620555000
2011-04-05,2400,2409.95,2368.15,2395.75,2389.93,841266,201056960975000,184.75,185.7,183.25,184.2,184.23,5453305,100465697225000,2533.05,2599,2533.05,2566.8,2569.62,66606,17115178275000,1124.75,1127.9,1104.1,1111.25,1112.84,2670328,297166048180000,1448,1448,1409.1,1424.75,1423.09,1007374,143358835105000
2011-04-06,2391,2395,2351,2375.95,2372.3,646986,153484433675000,183.35,184.65,180.8,182.95,182.71,3628428,66295183500000,2565,2592,2542.4,2549.7,2555.44,67537,17258675125000,1108.8,1119.5,1096,1100.5,1106.68,3242206,358809803795000,1420,1441.7,1415,1428.95,1428.26,1694291,241988382555000
2011-04-07,2375,2378,2339.6,2354.75,2352.8,655816,154300413655000,183,183.5,181.35,182.55,182.39,3745089,68306157355000,2579,2579,2545.9,2551.7,2552.68,59832,15273182150000,1100,1114.4,1093.7,1104,1104.44,2762770,305131859885000,1430,1458,1416.7,1445.75,1441.81,1257062,181244880815000
2011-04-08,2354,2385,2345.1,2352.4,2362.65,772017,182400905730000,182.9,185.5,181.85,183.75,183.71,6901328,126784226510000,2569.9,2612.85,2550.25,2560.35,2564.61,107760,27636218815000,1104.5,1118.9,1091.35,1098.3,1103.08,3323957,366657603175000,1446,1460.45,1435.25,1449.7,1447.42,1565244,226556394135000
2011-04-11,2325.2,2337.55,2288.6,2296.05,2299.15,1120818,257692541570000,184.1,188,183.65,185,185.53,8241935,152915436815000,2555,2579.05,2540.25,2566.5,2563.78,37072,9504437300000,1085,1108.4,1085,1100.6,1099.69,3248999,357290690620000,1437.2,1439.9,1403.95,1409.85,1416.97,1577093,223470055205000
2011-04-13,2279.45,2383.65,2275,2368.95,2332.39,903389,210705302070000,185,191.3,183.75,190.1,187.34,10478570,196305101000000,2565,2633.95,2551.3,2617.75,2610.42,173542,45301744990000,1093.8,1130,1086.2,1126.85,1116.18,4957831,553382581310000,1395,1445.9,1394.35,1438.3,1425.32,1172077,167058503245000
2011-04-15,2375,2392,2344,2363.1,2366.23,859093,203281050950000,190.1,192.65,188.65,191.5,190.53,11102959,211541225085000,2617,2634.9,2576.15,2620.85,2613.51,37229,9729822800000,1119.95,1139,1098.25,1101.7,1116.72,5965130,666139846235000,1426.05,1457.9,1421.6,1429.9,1435.53,1382505,198462531935000
2011-04-18,2378.8,2399.85,2304.35,2311.8,2346.42,1035327,242931062480000,191.65,194.75,187.5,190.2,190.44,8753906,166712499865000,2637.65,2637.65,2565.05,2581.65,2611.77,24202,6320998125000,1102.1,1117.35,1081.55,1084.1,1098.94,5960825,655060816430000,1430,1450,1384.4,1389.8,1411.01,1421665,200597876350000
2011-04-19,2340,2358.8,2324.45,2347.5,2346.78,746243,175126484770000,189,191,186.9,187.5,188.5,7986627,150550912820000,2587.75,2587.75,2550,2569.15,2557.55,18015,4607434145000,1084,1093.5,1072,1090.05,1084.69,3489731,378526396260000,1384,1416.8,1382.2,1409.35,1402.77,861105,120793318480000
2011-04-20,2360.55,2389,2348,2371.95,2363.31,654807,154751187110000,188.75,191.3,187.5,190.6,189.43,5679295,107582582370000,2599.95,2620,2555.15,2568.8,2577.34,13705,3532240755000,1103.7,1113.9,1095,1112.35,1106.22,2498843,276427266830000,1422,1452.8,1415,1448,1433.15,756970,108485122365000
2011-04-21,2382,2416.9,2382,2410.65,2405.6,1620535,389836088095000,192.95,192.95,189.5,190.15,190.73,9487361,180954545740000,2594.5,2599,2571.3,2591.3,2586.4,9827,2541655420000,1121.7,1123.95,1111.5,1118.5,1118.37,2384747,266703407240000,1449,1457.8,1438.65,1447.55,1447.85,984845,142590557970000
2011-04-25,2423,2441.05,2386,2391,2405.91,632287,152122570105000,190,192.7,189.75,190.25,191.42,2856751,54684500420000,2597,2674.8,2590.1,2662.1,2644.97,58708,15528092590000,1114.5,1126.35,1109.1,1112.65,1119.5,2752853,308180588985000,1398,1408.5,1371,1377.3,1387.28,4101749,569026359860000
2011-04-26,2386.55,2397.85,2340.5,2359.85,2358.25,632185,149085120050000,190.55,192.4,185.1,191.65,188.25,7802065,146873453530000,2665,2692,2646.1,2655.9,2670.92,36295,9694106085000,1118.5,1125.4,1098.15,1121.45,1111.52,4023140,447179972095000,1387.8,1387.8,1338.65,1356.35,1354.44,2818608,381762680720000
2011-04-27,2376,2379,2326.3,2353.25,2352.74,714765,168165859560000,192,194,191.25,193.65,192.65,5521386,106367887465000,2677.95,2679,2651.1,2667.85,2664.45,77053,20530373600000,1127.95,1128.5,1102,1106.85,1113.24,4525255,503769063785000,1371.2,1372,1333,1343.85,1345.52,1927097,259294762370000
2011-04-28,2363.15,2369,2330,2337.75,2342.78,1338482,313576605435000,194.3,194.8,191.05,191.85,192.55,8045005,154903476330000,2675,2723.15,2652.25,2690.85,2696.49,89377,24100408240000,1118,1127.95,1085,1117.5,1112.28,11493180,1278358502960000,1354.9,1354.9,1324.1,1333.7,1339.32,2127035,284878029100000
2011-04-29,2325,2339.7,2281,2295.55,2297.11,931294,213928281365000,190.35,194.8,190.35,192.35,192.74,10338560,199266393975000,2690.85,2780,2690.4,2774.6,2748.68,203523,55941954985000,1116,1128,1103.1,1114.45,1119.23,4824384,539961212295000,1338,1342.8,1270.3,1286.6,1297.13,3098248,401881753665000
2011-05-02,2306,2315.7,2262,2290.15,2277.17,707837,161186327510000,193,194,190.5,191.15,191.8,5177704,99306307935000,2775,2819,2725,2743.1,2756.4,40033,11034682430000,1113.8,1118.3,1094.4,1098.3,1101.89,2207152,243203734840000,1297.9,1298,1260.1,1276.45,1276.49,1873540,239154956710000
2011-05-03,2288.55,2295.65,2222.2,2235.65,2257.03,1074028,242411601580000,190.5,191,185.65,186.85,187.86,5150840,96763321370000,2749.9,2799,2710.5,2773,2768.75,104007,28796915650000,1096,1107.95,1056.4,1067.8,1081.92,6317228,683471552760000,1273.7,1295.5,1210.55,1230.4,1246.78,4423229,551481006170000
2011-05-04,2244,2285.15,2207.8,2261.45,2256.88,1321061,298147148695000,187.8,188.3,183.5,186.8,186.22,5481309,102073377085000,2814.4,2814.4,2680.2,2698.1,2723.2,46629,12697994980000,1059.75,1072,1042.8,1057.65,1058.91,4227827,447688294645000,1229.5,1249,1215,1235.6,1232.89,2835837,349628365185000
2011-05-05,2255.85,2274.8,2210,2220.45,2231.39,934949,208623700845000,187,187.4,181.65,182.5,184.13,6054850,111488071925000,2698.15,2720,2660,2667.8,2689.64,17110,4601967075000,1057,1067.3,1021,1030,1040.8,4760703,495493925800000,1239.9,1249,1202.65,1209.85,1222.29,1652077,201931471070000
2011-05-06,2225,2320,2225,2297.25,2273.09,1077573,244942448260000,183,184,177.55,183.6,181.45,7017587,127333474290000,2675.1,2712,2651.6,2700.15,2699.56,92547,24983597120000,1033,1088.7,1032.55,1083.8,1070.96,5703147,610781919470000,1212,1264.9,1212,1258.2,1244.36,2316334,288234621700000
2011-05-09,2302,2315,2248.4,2278.85,2277.6,389859,88794407345000,183.95,186.8,182.1,184.45,184.45,5601444,103320667320000,2722.45,2768,2717,2743,2745.8,36752,10091368560000,1093.4,1093.4,1066.25,1083,1079.46,2014020,217405395865000,1260.1,1268.55,1231.25,1237.75,1242.51,1015377,126161403605000
2011-05-10,2278,2278,2225.1,2246.4,2252.65,652322,146945377030000,185,188.5,184.35,185.6,186.75,4096120,76496084555000,2721.25,2779.9,2656,2691.05,2718.47,32750,8902979250000,1081,1085,1066.25,1076.2,1077.16,2161550,232833306635000,1239.95,1242.5,1218,1228.7,1230.37,1482566,182410709055000
2011-05-11,2260,2268.9,2221,2261.05,2244.75,491085,110236316020000,185.6,186.75,184.4,186.35,185.85,2112486,39261202175000,2691,2725,2637.1,2672.1,2677.23,218287,58440502200000,1078,1081.7,1061,1076.7,1071.16,2146059,229876587205000,1225,1244.75,1224,1228.25,1233.52,1655062,204155278125000
2011-05-12,2250,2264.9,2235,2240.2,2244.98,473943,106399250505000,185.35,187.75,183.4,183.8,185.4,2789286,51713735610000,2690,2765,2675,2750.5,2734.7,141954,38820173515000,1070,1078.95,1050,1052.15,1063.1,2332525,247970240250000,1223,1239.85,1201,1205.65,1218.03,1302309,158625463765000
2011-05-13,2232,2290,2225.85,2251.05,2264.3,582307,131851598905000,183.75,191.9,182.45,189,189.28,7068209,133790212270000,2745,2798.5,2745,2768.4,2778.36,86283,23972490325000,1055,1096.4,1045.3,1073.05,1077.46,4205208,453094373545000,1210.5,1259.8,1208.65,1244.7,1241.82,2002243,248642515310000
2011-05-16,2245,2266.1,2236.3,2253.05,2253.98,627062,141338738080000,190,190.7,185.55,186.1,186.78,7697214,143772334520000,2774.95,2820,2759.9,2793.5,2793.38,134602,37599457390000,1063.5,1066.8,1055,1057.75,1060.59,1866024,197908532395000,1241.6,1241.6,1218.2,1224.4,1225.91,793289,97250407400000
2011-05-17,2252,2273.95,2241,2252.45,2257.98,611194,138006481680000,186.5,190,185.7,187.85,188.59,5823047,109813967365000,2805,2892.95,2802,2848.85,2866.8,256016,73394687160000,1058,1062.75,1023,1039.75,1039.96,3632992,377817626545000,1226.1,1241.5,1206.55,1219.4,1221.44,1143355,139653741055000
2011-05-18,2258.1,2277.7,2243,2267.35,2263.08,693548,156955741335000,187.8,190.6,187.8,188.95,188.96,4518100,85373259005000,2850.55,2888,2837.45,2864.55,2865.56,145740,41762712615000,1045,1051.75,1025.05,1032.25,1034.77,3092458,319998322615000,1223,1232,1202.2,1217.95,1215.65,1296354,157590746385000
2011-05-19,2270.5,2284,2257.7,2273.8,2276.04,751127,170959745320000,190.1,191.8,188.15,189.05,190.39,7886646,150152765195000,2879,2887.95,2828,2847.7,2858.5,53873,15399615105000,1044,1044,1023.75,1030.1,1031.83,1744542,180007642220000,1230,1230,1207.15,1214.65,1215.27,707675,86001416535000
2011-05-20,2270,2320,2255.4,2315.7,2297.37,1191387,273705512450000,190.45,191.5,183.75,186.55,188.56,26209592,494199520555000,2816,2920.2,2811,2909.75,2878.4,96307,27720964060000,1038,1054.1,1025,1043.2,1042.48,2640687,275287248185000,1224,1231.5,1208,1220.9,1221.32,1253819,153132025070000
2011-05-23,2295,2298.8,2245.95,2264.7,2265.35,1004640,227585773600000,186.95,190.7,186.2,190.2,189.45,9143101,173216140325000,2912,2949,2894,2914.15,2915.74,141252,41185368165000,1036.9,1036.9,1003,1006.9,1014.11,3669551,372132093500000,1215,1218.05,1183,1188,1194.13,1519123,181402811895000
2011-05-24,2254,2292.5,2248.2,2255.3,2273.24,450244,102351477860000,190.65,190.9,186.2,186.95,188.23,5954668,112081935170000,2930,2992,2903.35,2963.45,2968.52,241431,71669248255000,1008.1,1030.95,1008.1,1018.8,1020.16,2567563,261932170080000,1195,1215,1186.5,1202.4,1201.69,1259326,151332325725000
2011-05-25,2250,2267,2245.35,2254.75,2255.56,415744,93773489395000,186.65,189.75,185.35,189.1,187.37,6440432,120676793210000,2950.1,3024.9,2950.1,3006.5,2991.74,377310,112881359995000,1021,1021,1003.4,1008.75,1008.98,4038800,407508565025000,1203.9,1203.9,1175,1181.65,1183.77,1327550,157150939990000
2011-05-26,2255,2277,2240,2264.2,2262.45,994995,225112648225000,189,189,186,187,187.24,9888954,185162573415000,3018.9,3045,2962.5,2993.25,2999.21,369341,110773293230000,1018.6,1032,1013.9,1026.25,1024.37,4513555,462353434175000,1194.5,1212,1184.5,1208.4,1197.53,1261162,151027899240000
2011-05-27,2264.9,2312,2262.55,2303.65,2292.68,583102,133686401555000,187.5,189.8,187.35,188.95,188.92,6093051,115111367455000,2956,3020,2956,3006.35,2989.06,139746,41770975050000,1030.25,1073.7,1030.2,1068.15,1059.9,3844964,407529540430000,1214.95,1228,1206.25,1220.6,1218.47,1634164,199118678595000
2011-05-30,2304,2327.6,2297.35,2307.6,2308.75,392475,90612639115000,188.95,189.6,186.35,187.6,187.59,5949820,111614832290000,3001.35,3109,3001.35,3082.25,3085.35,430499,132823970110000,1072,1083.35,1070.1,1077.7,1077.02,2282297,245808609965000,1224,1248,1224,1245.25,1239,1199619,148633352780000
2011-05-31,2324.9,2408.7,2315,2399.55,2375.73,1769673,420426326080000,188,193.85,188,193.35,192.67,9111688,175552040190000,3092,3387,3050,3133.4,3143.36,1871721,588349346415000,1080.8,1094.8,1073.1,1086.1,1087.66,2337050,254192451410000,1251.9,1289,1251,1282.5,1271.38,2182281,277450431240000
2011-06-01,2390,2407,2374.75,2398.2,2397.6,657167,157562262185000,195,195,192.5,193.85,193.69,5582213,108121069085000,3145.1,3194,3061.5,3169.35,3156.21,192349,60709443415000,1083.8,1088.5,1069.05,1084.7,1078.91,2725196,294025193700000,1282.25,1291.75,1265.2,1278.25,1278.97,792282,101330661025000
2011-06-02,2355.05,2366.7,2345,2360.3,2356.74,672276,158437982240000,192.75,197.9,192.4,195.3,195.77,7064837,138310702360000,3159,3171.8,3087,3105.05,3133.25,211697,66330016410000,1061.7,1062,1042.4,1048.9,1053.89,2952892,311203345820000,1255.1,1285,1255.1,1273.75,1271.87,867797,110372646740000
2011-06-03,2359.95,2370.85,2348.5,2356.75,2358.69,598853,141250646760000,195.3,196.95,193,193.45,194.46,3850157,74869054205000,3105.05,3190,3099.95,3167.8,3153.77,83355,26288212105000,1055,1068,1041.1,1047.4,1056.13,2183795,230637021855000,1272,1288,1224,1242.75,1258.9,1413508,177946669260000
2011-06-06,2345.3,2390,2345.3,2381.25,2366.03,584280,138242414915000,193.5,194.5,191.25,192.8,192.77,2928508,56452618620000,3160.2,3188.85,3141.25,3170.05,3163.77,46291,14645385135000,1040,1064,1035.5,1058.05,1048.19,1462591,153307746715000,1242,1242,1208.15,1235.45,1226.1,1886949,231359439815000
2011-06-07,2365.1,2390.7,2363.8,2376.5,2377.48,406347,96608033415000,192,194.4,191.5,193.55,193.1,2116797,40876129790000,3170.1,3229.8,3155,3206.15,3202.18,82014,26262321650000,1050.3,1063.75,1050.05,1056.15,1058.22,1368471,144813751275000,1227,1252.9,1224.75,1244.65,1243.6,1043816,129808553575000
2011-06-08,2356.2,2372,2348.2,2355.25,2362.56,513939,121421288905000,193.5,196.35,193,194.95,195.15,6050391,118072052120000,3190,3230,3133.35,3204.3,3205.95,79199,25390806260000,1050.15,1062.4,1040,1049.05,1052.04,1360757,143157354090000,1230.9,1236,1217.15,1228.75,1227.02,1382341,169615839165000
2011-06-09,2354.75,2374.6,2341.5,2362.8,2360.04,322994,76227751060000,194.5,195.75,193.25,195,194.56,3919661,76262572945000,3199,3199,3086.2,3095.95,3141.76,127337,40006229595000,1045,1056.9,1042.5,1048,1049.85,2136522,224302337480000,1229.9,1252.15,1229,1246.4,1241.35,1049055,130224488780000
2011-06-10,2368,2374.5,2330.2,2362.45,2355.92,437191,102998496070000,191.5,193.3,190.5,191.65,191.89,8849905,169822562140000,3100,3135,3060.5,3100.85,3091.66,64143,19830852440000,1050,1050,1026.6,1035.9,1036.38,2151221,222948687950000,1242,1246,1225,1235.15,1234.68,812045,100261367490000
2011-06-13,2353.15,2380,2344.15,2372.6,2366.91,391778,92730180015000,191.3,192.35,189.95,190.9,191.35,4070609,77890015320000,3096.95,3119,3053.1,3065.15,3065.57,118150,36219761315000,1030.2,1046,1027.95,1039.6,1037.74,1874470,194521274450000,1230.2,1238,1217,1233.3,1228.21,1111075,136463674375000
2011-06-14,2378,2398,2365.5,2382.5,2386.02,621660,148329409360000,190.9,194.4,190.9,193.85,192.98,4116388,79437133195000,3096.95,3096.95,3055,3068.95,3069.55,64246,19720640890000,1041,1057.45,1041,1055.55,1051.98,2474880,260353316090000,1235,1264.2,1235,1260.05,1252.1,1054703,132059476740000
2011-06-15,2380,2395.8,2367,2372.8,2383.16,703894,167749191165000,193.95,195.15,193.05,194.15,194.17,5411253,105068899315000,3078.95,3089.85,3060,3064.6,3073.32,56191,17269308775000,1051,1053.8,1027.2,1031.15,1039.14,1830712,190236068475000,1259.7,1260,1221,1224.4,1239.16,1256065,155646569120000
2011-06-16,2364,2372,2338.05,2343,2353.77,421265,99156197630000,194.5,195.3,193,194,194.24,4458012,86593156590000,3053.95,3062,3015,3019.25,3034.24,125044,37941379115000,1020,1043.9,1018.1,1028.5,1032.03,3102463,320184290955000,1219.95,1230,1205.3,1217.85,1216.05,2721246,330916610980000
2011-06-17,2350.5,2366.1,2333.65,2349.3,2350.16,710674,167019876115000,194.1,195.8,191.3,191.75,193.31,4918104,95070637280000,3026.15,3040,2994,3002.8,3013.23,43233,13027114965000,1039.9,1039.9,1024.05,1032.2,1030.15,1612367,166098788020000,1244.7,1244.7,1213.5,1222.55,1225.12,1261081,154497538505000
2011-06-20,2342.15,2361.45,2271.95,2299,2301.09,781285,179780573525000,192.9,192.9,184.3,186.45,188.51,8151059,153653991080000,3005.05,3013.85,2905,2947.5,2955.37,57240,16916544795000,1030.9,1041.8,1010,1024.85,1028.98,3141587,323264575165000,1225,1237.5,1201,1226.4,1225.31,1426140,174746881150000
2011-06-21,2302,2344,2302,2325.55,2328.93,507886,118283241530000,187.5,188.9,184.25,184.85,186.76,4537795,84748422305000,2950.15,2979.9,2927,2951.45,2955.7,34200,10108500450000,1026.7,1038,1003.4,1014,1023.73,4634995,474500489550000,1231,1260,1226.4,1241.85,1245.47,1295258,161319984790000
2011-06-22,2332.45,2347.8,2312.4,2322.7,2326.28,309158,71918928430000,185.4,186.75,182,185.2,184.49,5940702,109597363585000,2989,2989,2917,2932.4,2942.69,32689,9619357025000,1024.35,1027.4,1010,1018.9,1019.17,2776052,282926925490000,1253,1267.6,1245,1254.65,1255.42,1429712,179489459675000
2011-06-23,2319,2339.45,2310,2333.75,2326.89,413379,96188600095000,185.6,191.75,184.35,191.45,189.57,7714517,146246741250000,2901,2974.9,2901,2956.7,2930.74,30763,9015821255000,1016,1035.95,1014.35,1030.2,1029.15,2977981,306478901600000,1247.35,1252,1232.85,1244.35,1243.68,954141,118664280630000
2011-06-24,2349,2389.95,2341.55,2383.15,2370.84,828773,196488447705000,191.75,196.5,191.75,195.1,194.21,11121836,215992813860000,2964,3024.95,2962.15,2979.8,2984.29,94801,28291323215000,1035.1,1068.9,1035,1064.1,1057.57,5530183,584856459590000,1251,1278,1249.95,1272.25,1269.46,1089884,138356840845000
2011-06-27,2383,2431.85,2372.65,2416.15,2414.74,1025619,247660178815000,193.1,195.8,192.5,193.6,194.1,6264268,121588863280000,2968.7,3126.05,2930.5,3114.2,3057.62,104335,31901676920000,1054.4,1084.75,1047.2,1079.4,1072.58,5798430,621928736300000,1267,1312.4,1250,1306.4,1296.31,1751561,227055792535000
2011-06-28,2429.4,2430,2404.55,2423.05,2419.64,609681,147520624235000,194.2,194.45,190.5,193.85,192.31,4452306,85620990380000,3119,3181.9,3091.25,3160.9,3151.27,116189,36614323980000,1080,1092,1073.35,1083.3,1084.06,3380134,366425221785000,1311.05,1312.1,1290.25,1302.9,1301.52,1376817,179195776305000
2011-06-29,2435,2499,2435,2489.1,2467.29,1025244,252957447280000,194.25,199.95,194.25,199.55,197.85,7674511,151838916005000,3170.15,3187.75,3111.05,3141.95,3146.35,49955,15717584445000,1089.9,1094.7,1083.5,1087.25,1087.85,4278928,465481725430000,1312,1316,1286.6,1293.55,1300.58,1337460,173947091385000
2011-06-30,2499,2524.95,2476.15,2515.55,2506.02,1342060,336323085830000,199.65,204,199.55,202.95,201.72,11635720,234715495415000,3152,3227,3132.1,3185.1,3186.98,146943,46830371870000,1091,1099.5,1077,1094.65,1092.47,5501188,600988538080000,1295.7,1306,1281.1,1289.55,1291.17,1511499,195160373050000
2011-07-01,2540,2547.6,2478,2501.25,2497.6,665242,166151066565000,206.5,206.5,200.1,201.55,203.09,7228489,146801295410000,3185,3350,3175.35,3313.95,3274.33,160555,52571019345000,1111.35,1111.35,1088.1,1094.85,1095.89,2791127,305876328685000,1314,1315,1293,1309.15,1303.13,855494,111481665405000
2011-07-04,2535,2542,2512.4,2532.2,2528.72,716168,181098643915000,203.1,204.1,198.25,198.75,200.09,5927595,118605693690000,3341.15,3368.8,3283.55,3296.65,3324.14,94565,31434711750000,1110,1111.8,1095.25,1099.75,1101.14,1801299,198348190595000,1323.9,1337.7,1312.55,1334.2,1326.75,878836,116599618210000
2011-07-05,2522,2552,2514.5,2541.15,2530.96,531864,134612439105000,199.85,199.85,195.25,195.65,196.6,8333419,163832205815000,3250,3312,3234.1,3240,3256.58,48987,15953015480000,1101.85,1101.85,1088.05,1097.3,1095.53,2069629,226733308830000,1339.5,1339.5,1320.05,1327.95,1326.86,780888,103612961645000
2011-07-06,2535,2560,2515,2545.3,2546.47,589287,150060128745000,195.5,197.65,194.3,196.7,195.94,6024480,118046406945000,3235,3288.4,3211,3239.3,3257.79,53723,17501807695000,1092.3,1100,1071.6,1075.45,1083.16,2414506,261529342020000,1326.25,1330.6,1306,1310.15,1315.71,538234,70815949280000
2011-07-07,2546.1,2574.95,2534.15,2565.8,2562.26,738902,189325749665000,197.1,203.95,197.1,203.4,200.29,8000123,160235600410000,3258,3265,3171.1,3201.1,3220.77,124029,39946901060000,1079.4,1094.2,1063.15,1089.85,1078.28,3918667,422540963975000,1312.95,1335,1309.6,1331.7,1323.81,574084,75997885970000
2011-07-08,2566,2583.3,2553.7,2559.15,2570.7,754468,193951061940000,203.75,205.1,199.65,200.55,202.31,6489098,131278590235000,3205.8,3244,3150.15,3158.6,3205.58,66354,21270303970000,1091.15,1094.85,1056.75,1060.2,1070.06,4104516,439209375765000,1334.1,1337.9,1302.8,1305.95,1317.71,854488,112596952085000
2011-07-11,2559,2564.1,2515.1,2524.35,2536.21,397250,100750941670000,200.85,203.8,200.5,202.6,202.68,4637514,93995335960000,3158,3185,3141,3155.6,3166.83,51182,16208459875000,1060,1060,1046.45,1054,1053.62,2161274,227715626575000,1306,1306,1260.05,1263.95,1273.95,1286456,163887657385000
2011-07-12,2510,2510,2460.2,2479.75,2481.53,736090,182663299490000,201.5,205,200.25,201.65,203.06,5459728,110867459995000,3148.75,3148.75,3082.5,3094.75,3114.31,51469,16029056595000,1042,1065.45,1037.1,1046.65,1049.57,2580225,270813237965000,1254.4,1272.25,1245.2,1266.4,1257.97,1443199,181550176120000
2011-07-13,2490,2528.95,2478.05,2519.7,2510.65,372091,93418924635000,201.9,205,201.9,204,203.72,6540552,133242881020000,3119.9,3156,3090,3124.45,3109.61,146967,45701036970000,1050,1060.3,1046.35,1054,1054.51,1354527,142836407200000,1269,1283.9,1262.7,1271.8,1274.76,960276,122412582475000
2011-07-14,505.1,513.3,498.8,505.95,505.75,2338586,118273986165000,203.95,205,200.35,203,202.65,8487469,172000619885000,3125,3171.7,3091.6,3130.2,3148.7,78891,24840413855000,1049.9,1084,1046.2,1069.05,1067.19,2374912,253449279535000,1266.6,1294.2,1265,1279.25,1281.08,814482,104341489745000
2011-07-15,506.45,510.45,503,508.95,507.59,1372538,69668458730000,202.55,203.6,201.05,201.75,202.02,2815675,56882909260000,3140,3194.8,3115.5,3180.55,3164.01,67630,21398217485000,1065,1074,1057.5,1060.65,1063.24,1558115,165664716145000,1281,1286.85,1262.55,1267.9,1270.72,557960,70901101630000
2011-07-18,511.95,518.9,508,515.05,515.03,1552474,79957118430000,202.5,202.9,200.65,201.65,201.87,1959166,39549512660000,3190.05,3197.65,3157.15,3168.1,3173.37,22113,7017268760000,1057,1059.5,1041.9,1047.6,1051.15,1620502,170339804750000,1265.25,1269.5,1252.1,1262.5,1260.47,794889,100193094440000
2011-07-19,517.5,519,508.35,510.85,513.22,4263166,218795678760000,202.5,204.95,201.6,204.1,203.61,4087975,83233800335000,3177,3189.7,3136.05,3141.15,3151.46,28670,9035229030000,1045.95,1069.9,1041.1,1061.8,1056.37,1811824,191396303650000,1267.7,1278,1263,1273.05,1271.98,710784,90410120240000
2011-07-20,516.4,516.4,502,503.1,508.61,1852161,94202235975000,204,207.35,203.5,205.75,205.99,8409884,173238129635000,3170.95,3170.95,3095.15,3123.5,3128.04,52547,16436900690000,1066,1069,1042.3,1045.35,1054.69,1732852,182761476630000,1279.2,1281.55,1260,1262.65,1268.99,936200,118802516080000
2011-07-21,504.8,504.9,494.5,496.3,497.93,3220256,160347774645000,204.5,207.8,204.5,207.1,207.1,4932724,102156669220000,3112.95,3130.5,3095.5,3112.45,3110.63,23107,7187724605000,1042,1054.15,1037.25,1041,1044.23,1396248,145799992100000,1259.3,1261.9,1232,1239.6,1241.7,2440745,303067611160000
2011-07-22,500,507.05,498.85,501.55,502.78,3158530,158804007675000,208.5,209.2,206.6,207.4,208.04,9159652,190554094880000,3118.05,3144.55,3100,3110.9,3124.3,34866,10893198245000,1048,1070,1046.45,1068.05,1059.53,2721143,288313678025000,1247.25,1312,1241,1296.9,1284.97,4217583,541946510910000
2011-07-25,501.55,506.5,497.15,505.2,501.9,3342607,167766200375000,207,207.3,203.15,205.4,204.81,9312170,190719298195000,3137,3137,3092.1,3113.95,3109.75,39141,12171864570000,1067.9,1084,1056.5,1074.85,1070.19,2151239,230223775300000,1294.7,1340,1293.35,1337.25,1325.31,2430128,322066834350000
2011-07-26,505.35,510.2,495.25,498.15,499.94,2645382,132252363105000,205,206.65,199.65,200.9,202.26,6321844,127863897530000,3095.45,3159,3060,3139.1,3124.01,202017,63110360645000,1075.95,1079.7,1032.75,1039.55,1046.23,4237387,443326840255000,1335,1340,1305.6,1319.55,1320.38,2190303,289202288325000
2011-07-27,499.35,503.95,492,502.05,498.28,2765678,137809393375000,202.25,202.45,198.55,200.9,200.61,5153621,103388486700000,3145,3167.5,3118.05,3143,3136.29,163524,51285819095000,1041.45,1046.2,1018.65,1024.9,1031.9,2672002,275724699555000,1322,1324.85,1293.75,1300.5,1302.39,1429725,186206006700000
2011-07-28,499.5,499.5,484.6,487.3,489.79,5354489,262255417380000,198.35,207,198.35,206.25,204.68,16270594,333026806690000,3105.85,3143,3105.85,3120.85,3121.98,155200,48453078985000,1012.1,1035.5,1010,1017.45,1021.77,3823471,390670692820000,1285,1307.95,1285,1301.5,1297,1353005,175484999030000
2011-07-29,489.9,489.9,481.1,486.8,485.65,2997667,145582296035000,205.5,211.25,205.25,208.35,208.89,13288551,277587677435000,3122.4,3140.05,3115,3134,3129.24,28578,8942753035000,1011,1051,1003.6,1036.75,1032.52,6537105,674969821765000,1300,1342,1292.4,1337.5,1325.46,1850972,245338665665000
2011-08-01,493.45,495.95,484.5,488,489.14,2202354,107726909450000,210,211.25,208.1,208.9,209.13,7104094,148570564060000,3141.95,3163,3053.5,3067.85,3100.07,36332,11263166685000,1052.8,1059.7,1038.7,1045.35,1049.87,2088359,219249912200000,1349,1367.55,1346.5,1353,1357.02,1226610,166453494180000
2011-08-02,487.9,487.9,480,482.85,483.3,1982494,95814144795000,207.7,208.35,202.85,204.75,205.13,7645467,156835059215000,3067.85,3069,3001.1,3052.15,3047.39,177189,53996461955000,1039.9,1041.35,1018.1,1021.7,1025.73,2925557,300083555650000,1345,1347.95,1326.1,1342.8,1334.07,970086,129416608470000
2011-08-03,478.7,489.4,476,482.05,481.89,2082567,100357122620000,203.35,208.2,202.65,206.85,206.29,6657936,137346955990000,3015,3068.6,3010,3023.2,3036.85,66841,20298603665000,1012.45,1012.45,990.35,1001.95,1000.21,3859436,386025319390000,1330.7,1330.7,1292.75,1301.15,1302.46,1833923,238860994315000
